-- Seed data for GoTyme P3 Hackathon Demo
-- SQLite D1 Compatible

INSERT INTO system_settings (key, value, description) VALUES ('bank_name', 'GoTyme Bank', 'Commercial bank name');
INSERT INTO system_settings (key, value, description) VALUES ('environment', 'hackathon_demo', 'Current environment context');
INSERT INTO system_settings (key, value, description) VALUES ('ai_model_version', 'magent-voice-v2.5-prod', 'Active AI banking voice model');
INSERT INTO system_settings (key, value, description) VALUES ('max_daily_transfer_limit_php', '250000.00', 'Global default limit for transfers');
INSERT INTO system_settings (key, value, description) VALUES ('otp_expiry_seconds', '180', 'Expiry time for one-time verification codes');

INSERT INTO products (id, name, description, terms) VALUES ('prod_checking', 'GoTyme Everyday Account', 'High-yield checking account for everyday payments.', 'No minimum balance, free transfers, linked debit card.');
INSERT INTO products (id, name, description, terms) VALUES ('prod_savings', 'GoTyme Go Save', 'Multi-goal savings account with up to 5% interest rate.', 'Interest credited monthly, up to 5 active saving goals.');
INSERT INTO products (id, name, description, terms) VALUES ('prod_crypto', 'GoTyme Crypto Wallet', 'In-app crypto trading wallet for major coins.', 'Instant buying/selling, powered by regulated exchange partner.');
INSERT INTO products (id, name, description, terms) VALUES ('prod_gold', 'GoTyme Gold Account', 'PAXG tokenized physical gold investment account.', 'Backed by physical gold reserves, instant conversion to PHP.');

INSERT INTO product_documents (id, product_id, category, question, answer) VALUES ('doc_001', 'prod_checking', 'FAQ', 'How do I fund my GoTyme Everyday Account?', 'You can fund your account via OTC deposits at GoTyme kiosks, Robinsons retail outlets, 7-Eleven, or via instapay/PESONet bank transfers using your GoTyme account number.');
INSERT INTO product_documents (id, product_id, category, question, answer) VALUES ('doc_002', 'prod_checking', 'FAQ', 'How do I enable online payment on my debit card?', 'Open the card settings in your GoTyme app, tap ''Online Payments'', and toggle it ON. This will allow transactions on Netflix, Grab, Steam, and other web merchants.');
INSERT INTO product_documents (id, product_id, category, question, answer) VALUES ('doc_003', 'prod_checking', 'FAQ', 'Why was my card transaction declined?', 'Common reasons include: 1) Online or international payments are toggled OFF in your settings. 2) Insufficient funds. 3) You reached your daily or monthly transaction limits. 4) The card is locked, expired, or stolen. The voice concierge can tell you the exact reason if you ask.');
INSERT INTO product_documents (id, product_id, category, question, answer) VALUES ('doc_004', 'prod_savings', 'FAQ', 'How does interest on Go Save work?', 'Go Save offers up to 5% annual interest. Interest is computed daily on your balance and credited to your account on the 1st of every month.');
INSERT INTO product_documents (id, product_id, category, question, answer) VALUES ('doc_005', 'prod_crypto', 'FAQ', 'What are the crypto wallet trading limits?', 'Standard users can buy up to 50,000 PHP worth of crypto daily. High risk or unverified users must undergo supplemental KYC to buy crypto.');
INSERT INTO product_documents (id, product_id, category, question, answer) VALUES ('doc_006', 'prod_gold', 'FAQ', 'Is the gold account safe?', 'Yes, the GoTyme Gold account uses PAX Gold (PAXG), where each token is backed by one fine troy ounce of physical gold stored in professional London vaults. You own the gold.');
INSERT INTO product_documents (id, product_id, category, question, answer) VALUES ('doc_007', 'prod_checking', 'FAQ', 'How do I temporarily freeze my card?', 'If you misplace your physical card, you can immediately lock it in card settings by toggling the freeze card option. You can unfreeze it instantly when found.');
INSERT INTO product_documents (id, product_id, category, question, answer) VALUES ('doc_008', 'prod_checking', 'FAQ', 'What should I do if my card is stolen?', 'If your card is stolen, freeze it immediately. Then, request a replacement card in the app or call support. Do not attempt to unfreeze a stolen card.');
INSERT INTO product_documents (id, product_id, category, question, answer) VALUES ('doc_009', 'prod_checking', 'FAQ', 'How long does a card replacement take?', 'Virtual cards are generated instantly. A physical debit card can be printed instantly at any GoTyme kiosk located in Robinsons supermarkets and malls.');
INSERT INTO product_documents (id, product_id, category, question, answer) VALUES ('doc_010', 'prod_savings', 'FAQ', 'Can I set up recurring transfers to my savings?', 'Yes, you can configure auto-save tasks. Choose the frequency (daily, weekly, monthly) and the amount to automatically move money from your Everyday account to your Go Save goal.');
INSERT INTO product_documents (id, product_id, category, question, answer) VALUES ('doc_011', 'prod_checking', 'FAQ', 'What is the daily ATM withdrawal limit?', 'The default daily ATM withdrawal limit is 20,000 PHP. You can increase or decrease this limit in your card security settings up to 50,000 PHP.');
INSERT INTO product_documents (id, product_id, category, question, answer) VALUES ('doc_012', 'prod_checking', 'FAQ', 'Are international transactions allowed on my card?', 'Yes, but you must enable the ''International Payments'' toggle in your card settings first to allow transactions outside of the Philippines.');
INSERT INTO product_documents (id, product_id, category, question, answer) VALUES ('doc_013', 'prod_checking', 'FAQ', 'What are the fees for sending money?', 'Bank transfers via InstaPay cost 8 PHP per transfer. Transferring money between GoTyme users is completely free, and transfers via PESONet are free but take 1 business day.');
INSERT INTO product_documents (id, product_id, category, question, answer) VALUES ('doc_014', 'prod_checking', 'FAQ', 'How do I upgrade my KYC level?', 'To fully verify your account, navigate to the verification page in your app profile, upload a valid government ID (Passport, National ID, or UMID), and complete the face verification scan.');

INSERT INTO bank_features (id, name, is_enabled, description) VALUES ('feat_savings', 'Savings Goals', 1, 'High-yield interest savings goals');
INSERT INTO bank_features (id, name, is_enabled, description) VALUES ('feat_gold', 'Gold Trading', 1, 'PAXG token physical gold trading');
INSERT INTO bank_features (id, name, is_enabled, description) VALUES ('feat_crypto', 'Crypto Wallet', 1, 'Buy and sell digital assets');
INSERT INTO bank_features (id, name, is_enabled, description) VALUES ('feat_international', 'International Payments', 1, 'Use debit card outside the Philippines');
INSERT INTO bank_features (id, name, is_enabled, description) VALUES ('feat_virtual_card', 'Virtual Cards', 1, 'Generate instant virtual debit cards');
INSERT INTO bank_features (id, name, is_enabled, description) VALUES ('feat_freeze_card', 'Freeze Card Settings', 1, 'Lock/unlock cards on demand');
INSERT INTO bank_features (id, name, is_enabled, description) VALUES ('feat_card_replacement', 'Card Replacement', 1, 'Order physical replacement cards');
INSERT INTO bank_features (id, name, is_enabled, description) VALUES ('feat_recurring_transfer', 'Recurring Auto-Save', 1, 'Automated transfers to goals');
INSERT INTO bank_features (id, name, is_enabled, description) VALUES ('feat_bnpl', 'GoTyme Buy Now Pay Later', 0, 'Split purchases into installments (Currently under beta)');
INSERT INTO bank_features (id, name, is_enabled, description) VALUES ('feat_loans', 'GoTyme Personal Loans', 0, 'Fast cash personal loans (Currently under internal review)');

INSERT INTO allowed_tools (id, name, description, risk_level, requires_confirmation, requires_biometric, audit_required) VALUES ('t_01', 'getCustomerProfile', 'Retrieve customer metadata, KYC tier and account statuses', 'low', 0, 0, 1);
INSERT INTO allowed_tools (id, name, description, risk_level, requires_confirmation, requires_biometric, audit_required) VALUES ('t_02', 'getBalance', 'Check the balance and currency details of all wallets', 'low', 0, 0, 1);
INSERT INTO allowed_tools (id, name, description, risk_level, requires_confirmation, requires_biometric, audit_required) VALUES ('t_03', 'getRecentTransactions', 'Fetch transaction history for a given account', 'low', 0, 0, 1);
INSERT INTO allowed_tools (id, name, description, risk_level, requires_confirmation, requires_biometric, audit_required) VALUES ('t_04', 'getCardStatus', 'Retrieve debit card lock status and configurations', 'low', 0, 0, 1);
INSERT INTO allowed_tools (id, name, description, risk_level, requires_confirmation, requires_biometric, audit_required) VALUES ('t_05', 'getKycStatus', 'Check KYC approval, document review or expiry status', 'low', 0, 0, 1);
INSERT INTO allowed_tools (id, name, description, risk_level, requires_confirmation, requires_biometric, audit_required) VALUES ('t_06', 'getCardLimits', 'Retrieve daily and monthly transaction limits of cards', 'low', 0, 0, 1);
INSERT INTO allowed_tools (id, name, description, risk_level, requires_confirmation, requires_biometric, audit_required) VALUES ('t_07', 'enableOnlinePayment', 'Enable e-commerce transactions on physical/virtual card', 'medium', 1, 0, 1);
INSERT INTO allowed_tools (id, name, description, risk_level, requires_confirmation, requires_biometric, audit_required) VALUES ('t_08', 'disableOnlinePayment', 'Disable online payment options for safety', 'medium', 1, 0, 1);
INSERT INTO allowed_tools (id, name, description, risk_level, requires_confirmation, requires_biometric, audit_required) VALUES ('t_09', 'enableInternationalPayment', 'Allow card transactions outside the Philippines', 'medium', 1, 0, 1);
INSERT INTO allowed_tools (id, name, description, risk_level, requires_confirmation, requires_biometric, audit_required) VALUES ('t_10', 'disableInternationalPayment', 'Block card transactions outside the Philippines', 'medium', 1, 0, 1);
INSERT INTO allowed_tools (id, name, description, risk_level, requires_confirmation, requires_biometric, audit_required) VALUES ('t_11', 'freezeCard', 'Temporarily lock physical or virtual card from all actions', 'medium', 1, 0, 1);
INSERT INTO allowed_tools (id, name, description, risk_level, requires_confirmation, requires_biometric, audit_required) VALUES ('t_12', 'unfreezeCard', 'Unlock physical or virtual card back to active state', 'high', 1, 1, 1);
INSERT INTO allowed_tools (id, name, description, risk_level, requires_confirmation, requires_biometric, audit_required) VALUES ('t_13', 'replaceCard', 'Mark card as destroyed/stolen and queue replacement', 'high', 1, 1, 1);
INSERT INTO allowed_tools (id, name, description, risk_level, requires_confirmation, requires_biometric, audit_required) VALUES ('t_14', 'createSupportTicket', 'File an official dispute or support ticket on customer behalf', 'medium', 0, 0, 1);
INSERT INTO allowed_tools (id, name, description, risk_level, requires_confirmation, requires_biometric, audit_required) VALUES ('t_15', 'generateFundingInstruction', 'Provide bank accounts details for funding the checking wallet', 'low', 0, 0, 1);
INSERT INTO allowed_tools (id, name, description, risk_level, requires_confirmation, requires_biometric, audit_required) VALUES ('t_16', 'toggleSavings', 'Activate or deactivate specific saving goals', 'medium', 1, 0, 1);
INSERT INTO allowed_tools (id, name, description, risk_level, requires_confirmation, requires_biometric, audit_required) VALUES ('t_17', 'getInterestRate', 'Fetch current annual percentage rates of saving products', 'low', 0, 0, 1);
INSERT INTO allowed_tools (id, name, description, risk_level, requires_confirmation, requires_biometric, audit_required) VALUES ('t_18', 'checkFraudScore', 'Assess user transaction risk score prior to sensitive requests', 'medium', 0, 0, 1);
INSERT INTO allowed_tools (id, name, description, risk_level, requires_confirmation, requires_biometric, audit_required) VALUES ('t_19', 'escalateToHumanAgent', 'Transfer active session to human support queue immediately', 'low', 0, 0, 1);
INSERT INTO allowed_tools (id, name, description, risk_level, requires_confirmation, requires_biometric, audit_required) VALUES ('t_20', 'transferFundsInternal', 'Move money between Checking and Savings internal accounts', 'medium', 1, 0, 1);
INSERT INTO allowed_tools (id, name, description, risk_level, requires_confirmation, requires_biometric, audit_required) VALUES ('t_21', 'buyGold', 'Purchase PAXG gold tokens from Everyday balance', 'high', 1, 1, 1);
INSERT INTO allowed_tools (id, name, description, risk_level, requires_confirmation, requires_biometric, audit_required) VALUES ('t_22', 'sellGold', 'Sell PAXG gold tokens back into checking account balance', 'high', 1, 1, 1);
INSERT INTO allowed_tools (id, name, description, risk_level, requires_confirmation, requires_biometric, audit_required) VALUES ('t_23', 'updateCardLimits', 'Adjust daily or monthly card spending caps', 'high', 1, 1, 1);
INSERT INTO allowed_tools (id, name, description, risk_level, requires_confirmation, requires_biometric, audit_required) VALUES ('t_24', 'verifyBiometricConfirm', 'Acknowledge biometrics success for high risk tools', 'low', 0, 0, 1);
INSERT INTO allowed_tools (id, name, description, risk_level, requires_confirmation, requires_biometric, audit_required) VALUES ('t_25', 'getFAQAnswers', 'Query the knowledge base database using user keywords', 'low', 0, 0, 1);

INSERT INTO tool_permissions (id, tool_id, role_or_tier) VALUES ('p_01', 't_01', 'low_risk_user');
INSERT INTO tool_permissions (id, tool_id, role_or_tier) VALUES ('p_02', 't_02', 'low_risk_user');
INSERT INTO tool_permissions (id, tool_id, role_or_tier) VALUES ('p_03', 't_03', 'low_risk_user');
INSERT INTO tool_permissions (id, tool_id, role_or_tier) VALUES ('p_04', 't_04', 'low_risk_user');
INSERT INTO tool_permissions (id, tool_id, role_or_tier) VALUES ('p_05', 't_05', 'low_risk_user');
INSERT INTO tool_permissions (id, tool_id, role_or_tier) VALUES ('p_06', 't_06', 'low_risk_user');
INSERT INTO tool_permissions (id, tool_id, role_or_tier) VALUES ('p_07', 't_07', 'low_risk_user');
INSERT INTO tool_permissions (id, tool_id, role_or_tier) VALUES ('p_08', 't_08', 'low_risk_user');
INSERT INTO tool_permissions (id, tool_id, role_or_tier) VALUES ('p_09', 't_09', 'low_risk_user');
INSERT INTO tool_permissions (id, tool_id, role_or_tier) VALUES ('p_10', 't_10', 'low_risk_user');
INSERT INTO tool_permissions (id, tool_id, role_or_tier) VALUES ('p_11', 't_11', 'low_risk_user');
INSERT INTO tool_permissions (id, tool_id, role_or_tier) VALUES ('p_12', 't_12', 'vip_user');
INSERT INTO tool_permissions (id, tool_id, role_or_tier) VALUES ('p_13', 't_12', 'low_risk_user');
INSERT INTO tool_permissions (id, tool_id, role_or_tier) VALUES ('p_14', 't_13', 'low_risk_user');
INSERT INTO tool_permissions (id, tool_id, role_or_tier) VALUES ('p_15', 't_14', 'low_risk_user');
INSERT INTO tool_permissions (id, tool_id, role_or_tier) VALUES ('p_16', 't_15', 'low_risk_user');
INSERT INTO tool_permissions (id, tool_id, role_or_tier) VALUES ('p_17', 't_16', 'low_risk_user');
INSERT INTO tool_permissions (id, tool_id, role_or_tier) VALUES ('p_18', 't_17', 'low_risk_user');
INSERT INTO tool_permissions (id, tool_id, role_or_tier) VALUES ('p_19', 't_19', 'low_risk_user');
INSERT INTO tool_permissions (id, tool_id, role_or_tier) VALUES ('p_20', 't_20', 'low_risk_user');
INSERT INTO tool_permissions (id, tool_id, role_or_tier) VALUES ('p_21', 't_21', 'low_risk_user');
INSERT INTO tool_permissions (id, tool_id, role_or_tier) VALUES ('p_22', 't_22', 'low_risk_user');
INSERT INTO tool_permissions (id, tool_id, role_or_tier) VALUES ('p_23', 't_23', 'vip_user');

INSERT INTO guardrails (id, code, rule_description, enforcement_level, is_active) VALUES ('g_01', 'GR_MASK_CARD', 'Never reveal the full 16-digit card number in speech or response. Mask all but the last 4 digits.', 'block', 1);
INSERT INTO guardrails (id, code, rule_description, enforcement_level, is_active) VALUES ('g_02', 'GR_BLOCK_EXTERNAL_TRANSFER', 'The voice agent is strictly forbidden from initiating transfers to external bank accounts.', 'block', 1);
INSERT INTO guardrails (id, code, rule_description, enforcement_level, is_active) VALUES ('g_03', 'GR_BLOCK_EMAIL_CHANGE', 'Voice agents cannot modify the customer''s registered email address.', 'block', 1);
INSERT INTO guardrails (id, code, rule_description, enforcement_level, is_active) VALUES ('g_04', 'GR_BLOCK_PHONE_CHANGE', 'Voice agents cannot modify the customer''s registered phone number.', 'block', 1);
INSERT INTO guardrails (id, code, rule_description, enforcement_level, is_active) VALUES ('g_05', 'GR_BLOCK_KYC_CHANGE', 'AI Agent is unauthorized to approve or modify KYC documents and tiers directly.', 'block', 1);
INSERT INTO guardrails (id, code, rule_description, enforcement_level, is_active) VALUES ('g_06', 'GR_NO_INVEST_ADVICE', 'Do not give investment recommendations on gold or crypto. Offer only informational FAQs.', 'warn', 1);
INSERT INTO guardrails (id, code, rule_description, enforcement_level, is_active) VALUES ('g_07', 'GR_MASK_OTP', 'Never read out or request OTP passwords from the customer over the voice channel.', 'block', 1);
INSERT INTO guardrails (id, code, rule_description, enforcement_level, is_active) VALUES ('g_08', 'GR_MASK_CVV', 'Never read or output the card verification value (CVV) in logs or conversations.', 'block', 1);
INSERT INTO guardrails (id, code, rule_description, enforcement_level, is_active) VALUES ('g_09', 'GR_REQ_BIOMETRIC_HIGH_RISK', 'All high-risk actions (card replacement, unfreezing, limit changes) require step-up biometric approval.', 'block', 1);
INSERT INTO guardrails (id, code, rule_description, enforcement_level, is_active) VALUES ('g_10', 'GR_FROZEN_ACCOUNT_BLOCK', 'If the account status is ''frozen'', block all transaction updates, unfreezes, or gold/crypto buys.', 'block', 1);
INSERT INTO guardrails (id, code, rule_description, enforcement_level, is_active) VALUES ('g_11', 'GR_HIGH_RISK_CUST_ESCALATE', 'High-risk users attempting sensitive actions must be instantly transferred to human agents.', 'escalate', 1);
INSERT INTO guardrails (id, code, rule_description, enforcement_level, is_active) VALUES ('g_12', 'GR_LOW_CONFIDENCE_ESCALATE', 'If the NLU confidence for critical card/account actions drops below 0.85, transfer to human.', 'escalate', 1);
INSERT INTO guardrails (id, code, rule_description, enforcement_level, is_active) VALUES ('g_13', 'GR_KYC_EXPIRED_LIMIT', 'If KYC is expired, reject all card payments and savings interest accruals.', 'block', 1);
INSERT INTO guardrails (id, code, rule_description, enforcement_level, is_active) VALUES ('g_14', 'GR_BLOCK_GOLD_IF_KYC_PENDING', 'Do not allow Gold buying if the customer''s KYC status is not ''verified''.', 'block', 1);
INSERT INTO guardrails (id, code, rule_description, enforcement_level, is_active) VALUES ('g_15', 'GR_BLOCK_CRYPTO_IF_KYC_PENDING', 'Do not allow Crypto trading if customer KYC status is not ''verified''.', 'block', 1);
INSERT INTO guardrails (id, code, rule_description, enforcement_level, is_active) VALUES ('g_16', 'GR_SUSPICIOUS_LIMIT_DECREASE', 'If a transaction is flagged suspicious, restrict daily transfer limits to 5000 PHP.', 'warn', 1);
INSERT INTO guardrails (id, code, rule_description, enforcement_level, is_active) VALUES ('g_17', 'GR_PIN_EXCLUDE', 'Never ask the user for their ATM PIN or Web login PIN.', 'block', 1);
INSERT INTO guardrails (id, code, rule_description, enforcement_level, is_active) VALUES ('g_18', 'GR_FORCE_CONFIRM_LOCK', 'Card freeze requests must be explicitly confirmed with a Yes/No response.', 'warn', 1);
INSERT INTO guardrails (id, code, rule_description, enforcement_level, is_active) VALUES ('g_19', 'GR_FORCE_CONFIRM_LIMIT', 'Card limit modification requests require explicit user confirmation.', 'warn', 1);
INSERT INTO guardrails (id, code, rule_description, enforcement_level, is_active) VALUES ('g_20', 'GR_REJECT_UNVERIFIED_GOLD', 'Block gold transaction if customer nationality is from restricted jurisdictions.', 'block', 1);
INSERT INTO guardrails (id, code, rule_description, enforcement_level, is_active) VALUES ('g_21', 'GR_BLOCK_VIRTUAL_PHYSICAL_SWAP', 'Do not allow virtual cards to be converted directly into physical ones without biometric ID.', 'block', 1);
INSERT INTO guardrails (id, code, rule_description, enforcement_level, is_active) VALUES ('g_22', 'GR_LIMIT_EXCEEDED_ALERT', 'Notify the customer immediately if the requested amount exceeds daily limits.', 'warn', 1);
INSERT INTO guardrails (id, code, rule_description, enforcement_level, is_active) VALUES ('g_23', 'GR_STOLEN_CARD_NO_UNFREEZE', 'If a card is marked ''stolen'', block any request to unfreeze it.', 'block', 1);
INSERT INTO guardrails (id, code, rule_description, enforcement_level, is_active) VALUES ('g_24', 'GR_EXPIRED_CARD_NO_ONLINE', 'Reject online purchases if the card''s expiry date has passed.', 'block', 1);
INSERT INTO guardrails (id, code, rule_description, enforcement_level, is_active) VALUES ('g_25', 'GR_VIP_SPECIAL_ROUTING', 'VIP customers are routed to dedicated senior support queues in case of escalation.', 'escalate', 1);
INSERT INTO guardrails (id, code, rule_description, enforcement_level, is_active) VALUES ('g_26', 'GR_MAX_RETRY_LOCK', 'After 3 failed verification attempts, temporarily lock the voice session.', 'block', 1);
INSERT INTO guardrails (id, code, rule_description, enforcement_level, is_active) VALUES ('g_27', 'GR_COMPLIANCE_SIGN_OFF', 'Changes in account interest rates require compliance validation.', 'block', 1);
INSERT INTO guardrails (id, code, rule_description, enforcement_level, is_active) VALUES ('g_28', 'GR_NO_P2P_FOREIGN', 'Do not allow P2P transfers to customers registered outside the Philippines.', 'block', 1);
INSERT INTO guardrails (id, code, rule_description, enforcement_level, is_active) VALUES ('g_29', 'GR_BLOCK_CARD_DESTRUCTION', 'Only the owner can request card replacement.', 'block', 1);
INSERT INTO guardrails (id, code, rule_description, enforcement_level, is_active) VALUES ('g_30', 'GR_AUDIT_ALL_BIOMETRICS', 'Any biometric confirmation token must be recorded in the audit logs table.', 'warn', 1);

INSERT INTO demo_scenarios (id, name, description, setup_instructions) VALUES ('scn_01', 'Netflix Transaction Declined', 'Customer calls to ask why their Netflix subscription failed. The agent discovers online payment is disabled on their card.', '1. Find card for cust_001. 2. Verify online_payment_enabled = 0. 3. Explain and offer to enable it.');
INSERT INTO demo_scenarios (id, name, description, setup_instructions) VALUES ('scn_02', 'Amazon Declined - Daily Limit', 'VIP customer attempts a purchase on Amazon but gets declined due to hitting the daily limit.', '1. Find transactions for cust_006. 2. Locate declined Amazon transaction (daily_limit). 3. Offer to update daily limit (requires biometric).');
INSERT INTO demo_scenarios (id, name, description, setup_instructions) VALUES ('scn_03', 'KYC Pending Verification', 'Customer check why they cannot open a Gold Savings goal. The agent flags that their uploaded passport is still under review.', '1. Query kyc_status for cust_002. 2. Check kyc_documents status (pending_review).');
INSERT INTO demo_scenarios (id, name, description, setup_instructions) VALUES ('scn_04', 'Savings Goal Interest Check', 'Customer asks for their interest rates on their active savings account goals.', '1. Retrieve accounts for cust_007. 2. Get interest rate for savings account type (5.0%).');
INSERT INTO demo_scenarios (id, name, description, setup_instructions) VALUES ('scn_05', 'Unfreeze Frozen Account Block', 'A high-risk customer with a frozen account status tries to unfreeze their debit card. The agent must decline and escalate.', '1. Inspect account_status for cust_004 (frozen). 2. Trigger frozen block guardrail. 3. Escalate session.');
INSERT INTO demo_scenarios (id, name, description, setup_instructions) VALUES ('scn_06', 'Stolen Card Replacement Request', 'Customer reports they lost their physical card at a grocery store and wants it replaced.', '1. Lock card for cust_001 (stolen). 2. Create pending card replacement. 3. Ask for biometric confirmation.');

INSERT INTO customers (id, full_name, email, phone, birthday, nationality, residency, occupation, monthly_income, risk_level, kyc_status, account_status, created_at) VALUES ('cust_001','John Doe','john.doe.fake@mail.com','+639171234567','1990-05-15','Filipino','Philippines','Software Engineer',75000.0,'low','verified','active','2025-01-10 08:30:00');
INSERT INTO customers (id, full_name, email, phone, birthday, nationality, residency, occupation, monthly_income, risk_level, kyc_status, account_status, created_at) VALUES ('cust_002','Jane Smith','jane.smith.fake@mail.com','+639189876543','1995-10-22','Filipino','Philippines','Online Merchant',45000.0,'medium','pending','active','2025-02-14 11:20:00');
INSERT INTO customers (id, full_name, email, phone, birthday, nationality, residency, occupation, monthly_income, risk_level, kyc_status, account_status, created_at) VALUES ('cust_003','Bob Johnson','bob.johnson.fake@mail.com','+639195551122','1985-03-08','American','Philippines','Freelance Writer',30000.0,'high','rejected','closed','2025-03-01 15:45:00');
INSERT INTO customers (id, full_name, email, phone, birthday, nationality, residency, occupation, monthly_income, risk_level, kyc_status, account_status, created_at) VALUES ('cust_004','Alice Brown','alice.brown.fake@mail.com','+639207778899','1992-07-19','Filipino','Philippines','Unemployed',5000.0,'high','verified','frozen','2025-01-20 09:15:00');
INSERT INTO customers (id, full_name, email, phone, birthday, nationality, residency, occupation, monthly_income, risk_level, kyc_status, account_status, created_at) VALUES ('cust_005','Charlie Green','charlie.green.fake@mail.com','+639213334455','1988-12-03','Filipino','Philippines','Sales Agent',28000.0,'medium','verified','limited','2025-04-10 14:00:00');
INSERT INTO customers (id, full_name, email, phone, birthday, nationality, residency, occupation, monthly_income, risk_level, kyc_status, account_status, created_at) VALUES ('cust_006','David Wright','david.wright.fake@mail.com','+639221112233','1978-01-30','British','Philippines','VP Engineering',350000.0,'VIP','verified','active','2025-01-05 10:00:00');
INSERT INTO customers (id, full_name, email, phone, birthday, nationality, residency, occupation, monthly_income, risk_level, kyc_status, account_status, created_at) VALUES ('cust_007','Eva Martinez','eva.martinez.fake@mail.com','+639234445566','1993-09-12','Filipino','Philippines','BPO Manager',55000.0,'low','verified','active','2025-02-28 16:30:00');
INSERT INTO customers (id, full_name, email, phone, birthday, nationality, residency, occupation, monthly_income, risk_level, kyc_status, account_status, created_at) VALUES ('cust_008','Frank Miller','frank.miller.fake@mail.com','+639246667788','1982-11-25','Filipino','Philippines','Crypto Trader',120000.0,'high','verified','active','2025-03-15 13:10:00');
INSERT INTO customers (id, full_name, email, phone, birthday, nationality, residency, occupation, monthly_income, risk_level, kyc_status, account_status, created_at) VALUES ('cust_009','Grace Taylor','grace.taylor.fake@mail.com','+639258889900','1989-04-05','Filipino','Philippines','Doctor',250000.0,'VIP','verified','active','2025-01-15 17:20:00');
INSERT INTO customers (id, full_name, email, phone, birthday, nationality, residency, occupation, monthly_income, risk_level, kyc_status, account_status, created_at) VALUES ('cust_010','Henry Wilson','henry.wilson.fake@mail.com','+639260001122','1997-06-18','Filipino','Philippines','Student',8000.0,'low','pending','active','2025-05-01 10:50:00');

INSERT INTO kyc_documents (id, customer_id, document_type, document_number, status, rejection_reason, submitted_at) VALUES ('kyc_doc_001','cust_001','passport','P88992211A','approved',NULL,'2025-01-10 08:45:00');
INSERT INTO kyc_documents (id, customer_id, document_type, document_number, status, rejection_reason, submitted_at) VALUES ('kyc_doc_002','cust_002','national_id','ID-11223344','pending_review',NULL,'2025-02-14 11:30:00');
INSERT INTO kyc_documents (id, customer_id, document_type, document_number, status, rejection_reason, submitted_at) VALUES ('kyc_doc_003','cust_003','drivers_license','DL-998877','rejected','Document image was too blurry.','2025-03-01 16:00:00');
INSERT INTO kyc_documents (id, customer_id, document_type, document_number, status, rejection_reason, submitted_at) VALUES ('kyc_doc_004','cust_004','national_id','ID-77889900','approved',NULL,'2025-01-20 09:30:00');
INSERT INTO kyc_documents (id, customer_id, document_type, document_number, status, rejection_reason, submitted_at) VALUES ('kyc_doc_005','cust_005','passport','P12345678B','approved',NULL,'2025-04-10 14:15:00');
INSERT INTO kyc_documents (id, customer_id, document_type, document_number, status, rejection_reason, submitted_at) VALUES ('kyc_doc_006','cust_006','passport','P00099988C','approved',NULL,'2025-01-05 10:15:00');
INSERT INTO kyc_documents (id, customer_id, document_type, document_number, status, rejection_reason, submitted_at) VALUES ('kyc_doc_007','cust_007','national_id','ID-55667788','approved',NULL,'2025-02-28 16:45:00');
INSERT INTO kyc_documents (id, customer_id, document_type, document_number, status, rejection_reason, submitted_at) VALUES ('kyc_doc_008','cust_008','passport','P44332211D','approved',NULL,'2025-03-15 13:25:00');
INSERT INTO kyc_documents (id, customer_id, document_type, document_number, status, rejection_reason, submitted_at) VALUES ('kyc_doc_009','cust_009','national_id','ID-99001122','approved',NULL,'2025-01-15 17:35:00');
INSERT INTO kyc_documents (id, customer_id, document_type, document_number, status, rejection_reason, submitted_at) VALUES ('kyc_doc_010','cust_010','national_id','ID-88442211','pending_review',NULL,'2025-05-01 11:00:00');

INSERT INTO accounts (id, customer_id, type, balance, available_balance, currency, interest_rate, status, created_at) VALUES ('acc_001','cust_001','checking',12500.5,12500.5,'PHP',0.0,'active','2025-01-10 08:30:00');
INSERT INTO accounts (id, customer_id, type, balance, available_balance, currency, interest_rate, status, created_at) VALUES ('acc_002','cust_001','savings',45000.0,45000.0,'PHP',4.0,'active','2025-01-10 08:30:00');
INSERT INTO accounts (id, customer_id, type, balance, available_balance, currency, interest_rate, status, created_at) VALUES ('acc_003','cust_001','crypto',200.0,200.0,'USD',0.0,'active','2025-01-10 08:30:00');
INSERT INTO accounts (id, customer_id, type, balance, available_balance, currency, interest_rate, status, created_at) VALUES ('acc_004','cust_001','gold',1.25,1.25,'PAXG',0.0,'active','2025-01-10 08:30:00');
INSERT INTO accounts (id, customer_id, type, balance, available_balance, currency, interest_rate, status, created_at) VALUES ('acc_005','cust_002','checking',450.0,450.0,'PHP',0.0,'active','2025-02-14 11:20:00');
INSERT INTO accounts (id, customer_id, type, balance, available_balance, currency, interest_rate, status, created_at) VALUES ('acc_006','cust_002','savings',0.0,0.0,'PHP',4.0,'active','2025-02-14 11:20:00');
INSERT INTO accounts (id, customer_id, type, balance, available_balance, currency, interest_rate, status, created_at) VALUES ('acc_007','cust_003','checking',0.0,0.0,'PHP',0.0,'closed','2025-03-01 15:45:00');
INSERT INTO accounts (id, customer_id, type, balance, available_balance, currency, interest_rate, status, created_at) VALUES ('acc_008','cust_003','savings',0.0,0.0,'PHP',4.0,'closed','2025-03-01 15:45:00');
INSERT INTO accounts (id, customer_id, type, balance, available_balance, currency, interest_rate, status, created_at) VALUES ('acc_009','cust_004','checking',8900.0,8900.0,'PHP',0.0,'frozen','2025-01-20 09:15:00');
INSERT INTO accounts (id, customer_id, type, balance, available_balance, currency, interest_rate, status, created_at) VALUES ('acc_010','cust_004','savings',12000.0,12000.0,'PHP',4.0,'frozen','2025-01-20 09:15:00');
INSERT INTO accounts (id, customer_id, type, balance, available_balance, currency, interest_rate, status, created_at) VALUES ('acc_011','cust_004','crypto',0.0,0.0,'USD',0.0,'frozen','2025-01-20 09:15:00');
INSERT INTO accounts (id, customer_id, type, balance, available_balance, currency, interest_rate, status, created_at) VALUES ('acc_012','cust_004','gold',0.0,0.0,'PAXG',0.0,'frozen','2025-01-20 09:15:00');
INSERT INTO accounts (id, customer_id, type, balance, available_balance, currency, interest_rate, status, created_at) VALUES ('acc_013','cust_005','checking',2500.0,2500.0,'PHP',0.0,'active','2025-04-10 14:00:00');
INSERT INTO accounts (id, customer_id, type, balance, available_balance, currency, interest_rate, status, created_at) VALUES ('acc_014','cust_005','savings',5000.0,5000.0,'PHP',4.0,'active','2025-04-10 14:00:00');
INSERT INTO accounts (id, customer_id, type, balance, available_balance, currency, interest_rate, status, created_at) VALUES ('acc_015','cust_005','crypto',0.0,0.0,'USD',0.0,'active','2025-04-10 14:00:00');
INSERT INTO accounts (id, customer_id, type, balance, available_balance, currency, interest_rate, status, created_at) VALUES ('acc_016','cust_005','gold',0.0,0.0,'PAXG',0.0,'active','2025-04-10 14:00:00');
INSERT INTO accounts (id, customer_id, type, balance, available_balance, currency, interest_rate, status, created_at) VALUES ('acc_017','cust_006','checking',150000.0,150000.0,'PHP',0.0,'active','2025-01-05 10:00:00');
INSERT INTO accounts (id, customer_id, type, balance, available_balance, currency, interest_rate, status, created_at) VALUES ('acc_018','cust_006','savings',800000.0,800000.0,'PHP',5.0,'active','2025-01-05 10:00:00');
INSERT INTO accounts (id, customer_id, type, balance, available_balance, currency, interest_rate, status, created_at) VALUES ('acc_019','cust_006','crypto',2.5,2.5,'USD',0.0,'active','2025-01-05 10:00:00');
INSERT INTO accounts (id, customer_id, type, balance, available_balance, currency, interest_rate, status, created_at) VALUES ('acc_020','cust_006','gold',15.0,15.0,'PAXG',0.0,'active','2025-01-05 10:00:00');
INSERT INTO accounts (id, customer_id, type, balance, available_balance, currency, interest_rate, status, created_at) VALUES ('acc_021','cust_007','checking',35400.75,35400.75,'PHP',0.0,'active','2025-02-28 16:30:00');
INSERT INTO accounts (id, customer_id, type, balance, available_balance, currency, interest_rate, status, created_at) VALUES ('acc_022','cust_007','savings',120000.0,120000.0,'PHP',4.0,'active','2025-02-28 16:30:00');
INSERT INTO accounts (id, customer_id, type, balance, available_balance, currency, interest_rate, status, created_at) VALUES ('acc_023','cust_007','crypto',0.0,0.0,'USD',0.0,'active','2025-02-28 16:30:00');
INSERT INTO accounts (id, customer_id, type, balance, available_balance, currency, interest_rate, status, created_at) VALUES ('acc_024','cust_007','gold',0.0,0.0,'PAXG',0.0,'active','2025-02-28 16:30:00');
INSERT INTO accounts (id, customer_id, type, balance, available_balance, currency, interest_rate, status, created_at) VALUES ('acc_025','cust_008','checking',4500.25,4500.25,'PHP',0.0,'active','2025-03-15 13:10:00');
INSERT INTO accounts (id, customer_id, type, balance, available_balance, currency, interest_rate, status, created_at) VALUES ('acc_026','cust_008','savings',15000.0,15000.0,'PHP',4.0,'active','2025-03-15 13:10:00');
INSERT INTO accounts (id, customer_id, type, balance, available_balance, currency, interest_rate, status, created_at) VALUES ('acc_027','cust_008','crypto',1.15,1.15,'USD',0.0,'active','2025-03-15 13:10:00');
INSERT INTO accounts (id, customer_id, type, balance, available_balance, currency, interest_rate, status, created_at) VALUES ('acc_028','cust_008','gold',0.0,0.0,'PAXG',0.0,'active','2025-03-15 13:10:00');
INSERT INTO accounts (id, customer_id, type, balance, available_balance, currency, interest_rate, status, created_at) VALUES ('acc_029','cust_009','checking',98000.0,98000.0,'PHP',0.0,'active','2025-01-15 17:20:00');
INSERT INTO accounts (id, customer_id, type, balance, available_balance, currency, interest_rate, status, created_at) VALUES ('acc_030','cust_009','savings',500000.0,500000.0,'PHP',5.0,'active','2025-01-15 17:20:00');
INSERT INTO accounts (id, customer_id, type, balance, available_balance, currency, interest_rate, status, created_at) VALUES ('acc_031','cust_009','crypto',0.5,0.5,'USD',0.0,'active','2025-01-15 17:20:00');
INSERT INTO accounts (id, customer_id, type, balance, available_balance, currency, interest_rate, status, created_at) VALUES ('acc_032','cust_009','gold',5.8,5.8,'PAXG',0.0,'active','2025-01-15 17:20:00');
INSERT INTO accounts (id, customer_id, type, balance, available_balance, currency, interest_rate, status, created_at) VALUES ('acc_033','cust_010','checking',120.0,120.0,'PHP',0.0,'active','2025-05-01 10:50:00');
INSERT INTO accounts (id, customer_id, type, balance, available_balance, currency, interest_rate, status, created_at) VALUES ('acc_034','cust_010','savings',0.0,0.0,'PHP',4.0,'active','2025-05-01 10:50:00');

INSERT INTO cards (id, account_id, customer_id, type, tier, card_number_masked, card_number_encrypted, expiry_date, status, online_payment_enabled, international_payment_enabled, contactless_enabled, daily_limit, monthly_limit, created_at) VALUES ('card_001','acc_001','cust_001','physical','debit','4111 11** **** 4161','enc_card_token_419893854','12/29','active',1,1,1,50000.0,150000.0,'2025-01-15 09:00:00');
INSERT INTO cards (id, account_id, customer_id, type, tier, card_number_masked, card_number_encrypted, expiry_date, status, online_payment_enabled, international_payment_enabled, contactless_enabled, daily_limit, monthly_limit, created_at) VALUES ('card_002','acc_001','cust_001','virtual','debit','4111 11** **** 7272','enc_card_token_423639745','12/29','active',0,1,0,20000.0,50000.0,'2025-01-15 09:00:00');
INSERT INTO cards (id, account_id, customer_id, type, tier, card_number_masked, card_number_encrypted, expiry_date, status, online_payment_enabled, international_payment_enabled, contactless_enabled, daily_limit, monthly_limit, created_at) VALUES ('card_003','acc_005','cust_002','physical','debit','4111 11** **** 4712','enc_card_token_102093462','12/29','active',1,0,1,30000.0,100000.0,'2025-01-15 09:00:00');
INSERT INTO cards (id, account_id, customer_id, type, tier, card_number_masked, card_number_encrypted, expiry_date, status, online_payment_enabled, international_payment_enabled, contactless_enabled, daily_limit, monthly_limit, created_at) VALUES ('card_004','acc_009','cust_004','physical','debit','4111 11** **** 2337','enc_card_token_667249614','12/29','locked',1,1,1,50000.0,150000.0,'2025-01-15 09:00:00');
INSERT INTO cards (id, account_id, customer_id, type, tier, card_number_masked, card_number_encrypted, expiry_date, status, online_payment_enabled, international_payment_enabled, contactless_enabled, daily_limit, monthly_limit, created_at) VALUES ('card_005','acc_013','cust_005','physical','debit','4111 11** **** 8439','enc_card_token_475202772','12/29','active',1,1,1,10000.0,30000.0,'2025-01-15 09:00:00');
INSERT INTO cards (id, account_id, customer_id, type, tier, card_number_masked, card_number_encrypted, expiry_date, status, online_payment_enabled, international_payment_enabled, contactless_enabled, daily_limit, monthly_limit, created_at) VALUES ('card_006','acc_017','cust_006','physical','premium','4111 11** **** 8950','enc_card_token_491526044','12/29','active',1,1,1,200000.0,500000.0,'2025-01-15 09:00:00');
INSERT INTO cards (id, account_id, customer_id, type, tier, card_number_masked, card_number_encrypted, expiry_date, status, online_payment_enabled, international_payment_enabled, contactless_enabled, daily_limit, monthly_limit, created_at) VALUES ('card_007','acc_017','cust_006','virtual','debit','4111 11** **** 2788','enc_card_token_216910202','12/29','locked',1,1,0,50000.0,100000.0,'2025-01-15 09:00:00');
INSERT INTO cards (id, account_id, customer_id, type, tier, card_number_masked, card_number_encrypted, expiry_date, status, online_payment_enabled, international_payment_enabled, contactless_enabled, daily_limit, monthly_limit, created_at) VALUES ('card_008','acc_021','cust_007','physical','debit','4111 11** **** 4059','enc_card_token_638178398','12/29','active',1,1,1,50000.0,150000.0,'2025-01-15 09:00:00');
INSERT INTO cards (id, account_id, customer_id, type, tier, card_number_masked, card_number_encrypted, expiry_date, status, online_payment_enabled, international_payment_enabled, contactless_enabled, daily_limit, monthly_limit, created_at) VALUES ('card_009','acc_021','cust_007','virtual','debit','4111 11** **** 7808','enc_card_token_369525200','12/29','active',1,1,0,20000.0,50000.0,'2025-01-15 09:00:00');
INSERT INTO cards (id, account_id, customer_id, type, tier, card_number_masked, card_number_encrypted, expiry_date, status, online_payment_enabled, international_payment_enabled, contactless_enabled, daily_limit, monthly_limit, created_at) VALUES ('card_010','acc_025','cust_008','physical','debit','4111 11** **** 6045','enc_card_token_752464714','12/29','active',1,1,1,100000.0,300000.0,'2025-01-15 09:00:00');
INSERT INTO cards (id, account_id, customer_id, type, tier, card_number_masked, card_number_encrypted, expiry_date, status, online_payment_enabled, international_payment_enabled, contactless_enabled, daily_limit, monthly_limit, created_at) VALUES ('card_011','acc_029','cust_009','physical','premium','4111 11** **** 1403','enc_card_token_621195559','12/29','active',1,1,1,250000.0,750000.0,'2025-01-15 09:00:00');
INSERT INTO cards (id, account_id, customer_id, type, tier, card_number_masked, card_number_encrypted, expiry_date, status, online_payment_enabled, international_payment_enabled, contactless_enabled, daily_limit, monthly_limit, created_at) VALUES ('card_012','acc_029','cust_009','virtual','debit','4111 11** **** 1423','enc_card_token_648291933','05/25','expired',1,1,0,50000.0,100000.0,'2025-01-15 09:00:00');

INSERT INTO beneficiaries (id, customer_id, name, bank_name, account_number, nickname, created_at) VALUES ('ben_001','cust_001','Alice Smith','GCash','09179998877','Alice GCash','2025-02-01 10:00:00');
INSERT INTO beneficiaries (id, customer_id, name, bank_name, account_number, nickname, created_at) VALUES ('ben_002','cust_001','Bob Doe','BDO','1098765432','Dad BDO','2025-02-05 14:00:00');
INSERT INTO beneficiaries (id, customer_id, name, bank_name, account_number, nickname, created_at) VALUES ('ben_003','cust_006','Wealth Mgmt Inc','GoTyme Savings','acc_012','My VIP Savings','2025-01-06 08:00:00');
INSERT INTO beneficiaries (id, customer_id, name, bank_name, account_number, nickname, created_at) VALUES ('ben_004','cust_007','Landlord Pedro','BPI','0022334455','Rent Account','2025-03-01 09:00:00');
INSERT INTO beneficiaries (id, customer_id, name, bank_name, account_number, nickname, created_at) VALUES ('ben_005','cust_009','Premium Gold broker','Gold Custody','acc_025','Gold Supplier','2025-02-15 11:00:00');

INSERT INTO support_tickets (id, customer_id, subject, description, status, priority, created_at) VALUES ('tkt_001','cust_001','Netflix Transaction Declined Enquiry','Customer asked why Netflix was declined. Explained online payments are off.','resolved','low','2025-06-10 10:30:00');
INSERT INTO support_tickets (id, customer_id, subject, description, status, priority, created_at) VALUES ('tkt_002','cust_002','KYC Document Review Delayed','Customer called regarding pending national ID verification.','open','medium','2025-07-01 14:20:00');
INSERT INTO support_tickets (id, customer_id, subject, description, status, priority, created_at) VALUES ('tkt_003','cust_004','Unfreeze Request - Rejected','Account frozen by anti-fraud department. Refused unfreeze via voice.','closed','high','2025-05-15 09:00:00');
INSERT INTO support_tickets (id, customer_id, subject, description, status, priority, created_at) VALUES ('tkt_004','cust_006','Limit Increase - Amazon Purchase','Requested daily limit increase to 200,000 PHP.','resolved','medium','2025-06-25 18:30:00');
INSERT INTO support_tickets (id, customer_id, subject, description, status, priority, created_at) VALUES ('tkt_005','cust_008','Disputed Grab Charge','Reported suspicious charge of 1200 PHP on Grab. Investigating.','in_progress','high','2025-07-08 12:00:00');

INSERT INTO transactions (id, account_id, card_id, type, category, amount, currency, merchant_name, status, decline_reason, reference_id, created_at) VALUES ('tx_demo_01', 'acc_001', 'card_002', 'purchase', 'Netflix', 549.0, 'PHP', 'Netflix', 'declined', 'online_payment_disabled', NULL, '2026-07-09 20:15:00');
INSERT INTO transactions (id, account_id, card_id, type, category, amount, currency, merchant_name, status, decline_reason, reference_id, created_at) VALUES ('tx_demo_02', 'acc_017', 'card_006', 'purchase', 'Amazon', 250000.0, 'PHP', 'Amazon US', 'declined', 'daily_limit', NULL, '2026-07-09 18:30:00');
INSERT INTO transactions (id, account_id, card_id, type, category, amount, currency, merchant_name, status, decline_reason, reference_id, created_at) VALUES ('tx_demo_03', 'acc_009', 'card_004', 'purchase', 'Coffee', 180.0, 'PHP', 'Starbucks', 'declined', 'locked_card', NULL, '2026-07-08 10:00:00');
INSERT INTO transactions (id, account_id, card_id, type, category, amount, currency, merchant_name, status, decline_reason, reference_id, created_at) VALUES ('tx_demo_04', 'acc_005', NULL, 'purchase', 'Gold', 5000.0, 'PAXG', 'Buy PAXG', 'declined', 'kyc_required', NULL, '2026-07-09 22:00:00');
INSERT INTO transactions (id, account_id, card_id, type, category, amount, currency, merchant_name, status, decline_reason, reference_id, created_at) VALUES ('tx_demo_05', 'acc_021', 'card_009', 'purchase', 'Amazon', 15000.0, 'PHP', 'Amazon UK', 'declined', 'international_disabled', NULL, '2026-07-09 14:00:00');
INSERT INTO transactions (id, account_id, card_id, type, category, amount, currency, merchant_name, status, decline_reason, reference_id, created_at) VALUES ('tx_demo_06', 'acc_001', 'card_001', 'purchase', 'Coffee', 220.0, 'PHP', '% Arabica', 'success', NULL, NULL, '2026-07-09 09:12:00');
INSERT INTO transactions (id, account_id, card_id, type, category, amount, currency, merchant_name, status, decline_reason, reference_id, created_at) VALUES ('tx_demo_07', 'acc_017', NULL, 'purchase', 'Salary', 350000.0, 'PHP', 'GoTyme Payroll Deposit', 'success', NULL, NULL, '2026-06-30 08:00:00');
INSERT INTO transactions (id, account_id, card_id, type, category, amount, currency, merchant_name, status, decline_reason, reference_id, created_at) VALUES ('tx_demo_08', 'acc_022', NULL, 'purchase', 'Savings', 400.0, 'PHP', 'Interest Credited', 'success', NULL, NULL, '2026-07-01 00:00:00');
INSERT INTO transactions (id, account_id, card_id, type, category, amount, currency, merchant_name, status, decline_reason, reference_id, created_at) VALUES ('tx_001', 'acc_026', NULL, 'deposit', 'Savings', 21, 'PHP', 'Interest Credited', 'success', NULL, NULL, '2026-06-16 22:42:00');
INSERT INTO transactions (id, account_id, card_id, type, category, amount, currency, merchant_name, status, decline_reason, reference_id, created_at) VALUES ('tx_002', 'acc_029', NULL, 'deposit', 'Salary', 24111, 'PHP', 'GoTyme Payroll Deposit', 'success', NULL, NULL, '2026-07-03 13:53:00');
INSERT INTO transactions (id, account_id, card_id, type, category, amount, currency, merchant_name, status, decline_reason, reference_id, created_at) VALUES ('tx_003', 'acc_015', 'card_005', 'purchase', 'Crypto', 1986, 'USD', 'Sell BTC', 'success', NULL, NULL, '2026-06-28 02:15:00');
INSERT INTO transactions (id, account_id, card_id, type, category, amount, currency, merchant_name, status, decline_reason, reference_id, created_at) VALUES ('tx_004', 'acc_008', NULL, 'transfer', 'Transfer', 2630, 'PHP', 'Send Money to Savings', 'success', NULL, NULL, '2026-07-07 13:41:00');
INSERT INTO transactions (id, account_id, card_id, type, category, amount, currency, merchant_name, status, decline_reason, reference_id, created_at) VALUES ('tx_005', 'acc_001', 'card_002', 'purchase', 'Spotify', 624, 'PHP', 'Spotify', 'success', NULL, NULL, '2026-06-30 06:42:00');
INSERT INTO transactions (id, account_id, card_id, type, category, amount, currency, merchant_name, status, decline_reason, reference_id, created_at) VALUES ('tx_006', 'acc_004', 'card_001', 'purchase', 'Gold', 1887, 'PAXG', 'Sell PAXG', 'declined', 'daily_limit', NULL, '2026-07-04 15:08:00');
INSERT INTO transactions (id, account_id, card_id, type, category, amount, currency, merchant_name, status, decline_reason, reference_id, created_at) VALUES ('tx_007', 'acc_006', NULL, 'deposit', 'Savings', 304, 'PHP', 'Interest Credited', 'success', NULL, NULL, '2026-07-03 07:08:00');
INSERT INTO transactions (id, account_id, card_id, type, category, amount, currency, merchant_name, status, decline_reason, reference_id, created_at) VALUES ('tx_008', 'acc_024', 'card_009', 'purchase', 'Gold', 434, 'PAXG', 'Sell PAXG', 'declined', 'locked_card', NULL, '2026-06-29 13:21:00');
INSERT INTO transactions (id, account_id, card_id, type, category, amount, currency, merchant_name, status, decline_reason, reference_id, created_at) VALUES ('tx_009', 'acc_009', 'card_004', 'purchase', 'Grab', 1215, 'PHP', 'Grab Ride', 'success', NULL, NULL, '2026-06-02 10:20:00');
INSERT INTO transactions (id, account_id, card_id, type, category, amount, currency, merchant_name, status, decline_reason, reference_id, created_at) VALUES ('tx_010', 'acc_034', NULL, 'transfer', 'Transfer', 1839, 'PHP', 'Send Money to Savings', 'declined', 'daily_limit', NULL, '2026-06-13 17:45:00');
INSERT INTO transactions (id, account_id, card_id, type, category, amount, currency, merchant_name, status, decline_reason, reference_id, created_at) VALUES ('tx_011', 'acc_025', 'card_010', 'purchase', 'Steam', 464, 'PHP', 'Steam Games', 'declined', 'daily_limit', NULL, '2026-06-25 09:45:00');
INSERT INTO transactions (id, account_id, card_id, type, category, amount, currency, merchant_name, status, decline_reason, reference_id, created_at) VALUES ('tx_012', 'acc_022', NULL, 'deposit', 'Savings', 185, 'PHP', 'Interest Credited', 'success', NULL, NULL, '2026-06-18 07:01:00');
INSERT INTO transactions (id, account_id, card_id, type, category, amount, currency, merchant_name, status, decline_reason, reference_id, created_at) VALUES ('tx_013', 'acc_023', 'card_008', 'purchase', 'Crypto', 901, 'USD', 'Buy BTC', 'success', NULL, NULL, '2026-06-30 14:55:00');
INSERT INTO transactions (id, account_id, card_id, type, category, amount, currency, merchant_name, status, decline_reason, reference_id, created_at) VALUES ('tx_014', 'acc_014', NULL, 'deposit', 'Savings', 495, 'PHP', 'Interest Credited', 'success', NULL, NULL, '2026-06-25 12:15:00');
INSERT INTO transactions (id, account_id, card_id, type, category, amount, currency, merchant_name, status, decline_reason, reference_id, created_at) VALUES ('tx_015', 'acc_005', 'card_003', 'purchase', 'Spotify', 1935, 'PHP', 'Spotify', 'declined', 'daily_limit', NULL, '2026-06-19 09:28:00');
INSERT INTO transactions (id, account_id, card_id, type, category, amount, currency, merchant_name, status, decline_reason, reference_id, created_at) VALUES ('tx_016', 'acc_030', NULL, 'deposit', 'Savings', 19, 'PHP', 'Interest Credited', 'success', NULL, NULL, '2026-06-03 23:15:00');
INSERT INTO transactions (id, account_id, card_id, type, category, amount, currency, merchant_name, status, decline_reason, reference_id, created_at) VALUES ('tx_017', 'acc_024', 'card_008', 'purchase', 'Gold', 576, 'PAXG', 'Buy PAXG', 'success', NULL, NULL, '2026-06-28 05:15:00');
INSERT INTO transactions (id, account_id, card_id, type, category, amount, currency, merchant_name, status, decline_reason, reference_id, created_at) VALUES ('tx_018', 'acc_032', 'card_012', 'purchase', 'Gold', 529, 'PAXG', 'Buy PAXG', 'success', NULL, NULL, '2026-06-19 11:02:00');
INSERT INTO transactions (id, account_id, card_id, type, category, amount, currency, merchant_name, status, decline_reason, reference_id, created_at) VALUES ('tx_019', 'acc_013', 'card_005', 'purchase', 'Spotify', 1101, 'PHP', 'Spotify', 'success', NULL, NULL, '2026-07-04 13:55:00');
INSERT INTO transactions (id, account_id, card_id, type, category, amount, currency, merchant_name, status, decline_reason, reference_id, created_at) VALUES ('tx_020', 'acc_013', NULL, 'deposit', 'Salary', 92929, 'PHP', 'GoTyme Payroll Deposit', 'success', NULL, NULL, '2026-07-02 13:02:00');
INSERT INTO transactions (id, account_id, card_id, type, category, amount, currency, merchant_name, status, decline_reason, reference_id, created_at) VALUES ('tx_021', 'acc_003', 'card_002', 'purchase', 'Crypto', 976, 'USD', 'Sell BTC', 'declined', 'daily_limit', NULL, '2026-06-21 17:07:00');
INSERT INTO transactions (id, account_id, card_id, type, category, amount, currency, merchant_name, status, decline_reason, reference_id, created_at) VALUES ('tx_022', 'acc_032', 'card_012', 'purchase', 'Gold', 597, 'PAXG', 'Buy PAXG', 'declined', 'online_payment_disabled', NULL, '2026-06-13 00:41:00');
INSERT INTO transactions (id, account_id, card_id, type, category, amount, currency, merchant_name, status, decline_reason, reference_id, created_at) VALUES ('tx_023', 'acc_011', 'card_004', 'purchase', 'Crypto', 1696, 'USD', 'Sell BTC', 'declined', 'daily_limit', NULL, '2026-06-23 13:56:00');
INSERT INTO transactions (id, account_id, card_id, type, category, amount, currency, merchant_name, status, decline_reason, reference_id, created_at) VALUES ('tx_024', 'acc_010', NULL, 'transfer', 'Transfer', 1682, 'PHP', 'Send Money to Savings', 'success', NULL, NULL, '2026-06-21 18:27:00');
INSERT INTO transactions (id, account_id, card_id, type, category, amount, currency, merchant_name, status, decline_reason, reference_id, created_at) VALUES ('tx_025', 'acc_020', 'card_007', 'purchase', 'Gold', 1446, 'PAXG', 'Sell PAXG', 'success', NULL, NULL, '2026-06-29 04:48:00');
INSERT INTO transactions (id, account_id, card_id, type, category, amount, currency, merchant_name, status, decline_reason, reference_id, created_at) VALUES ('tx_026', 'acc_033', NULL, 'purchase', 'Steam', 769, 'PHP', 'Steam Games', 'declined', 'online_payment_disabled', NULL, '2026-06-07 00:15:00');
INSERT INTO transactions (id, account_id, card_id, type, category, amount, currency, merchant_name, status, decline_reason, reference_id, created_at) VALUES ('tx_027', 'acc_005', 'card_003', 'purchase', 'ATM', 1584, 'PHP', 'BDO ATM', 'success', NULL, NULL, '2026-07-03 21:01:00');
INSERT INTO transactions (id, account_id, card_id, type, category, amount, currency, merchant_name, status, decline_reason, reference_id, created_at) VALUES ('tx_028', 'acc_005', 'card_003', 'purchase', 'Coffee', 443, 'PHP', 'Coffee Bean', 'success', NULL, NULL, '2026-06-24 16:22:00');
INSERT INTO transactions (id, account_id, card_id, type, category, amount, currency, merchant_name, status, decline_reason, reference_id, created_at) VALUES ('tx_029', 'acc_032', 'card_011', 'purchase', 'Gold', 268, 'PAXG', 'Buy PAXG', 'success', NULL, NULL, '2026-06-04 09:24:00');
INSERT INTO transactions (id, account_id, card_id, type, category, amount, currency, merchant_name, status, decline_reason, reference_id, created_at) VALUES ('tx_030', 'acc_003', 'card_001', 'purchase', 'Crypto', 525, 'USD', 'Sell BTC', 'declined', 'international_disabled', NULL, '2026-07-03 11:10:00');
INSERT INTO transactions (id, account_id, card_id, type, category, amount, currency, merchant_name, status, decline_reason, reference_id, created_at) VALUES ('tx_031', 'acc_011', 'card_004', 'purchase', 'Crypto', 884, 'USD', 'Sell BTC', 'success', NULL, NULL, '2026-06-22 01:59:00');
INSERT INTO transactions (id, account_id, card_id, type, category, amount, currency, merchant_name, status, decline_reason, reference_id, created_at) VALUES ('tx_032', 'acc_012', 'card_004', 'purchase', 'Gold', 1076, 'PAXG', 'Buy PAXG', 'success', NULL, NULL, '2026-06-05 16:28:00');
INSERT INTO transactions (id, account_id, card_id, type, category, amount, currency, merchant_name, status, decline_reason, reference_id, created_at) VALUES ('tx_033', 'acc_013', 'card_005', 'purchase', 'Netflix', 868, 'PHP', 'Netflix', 'success', NULL, NULL, '2026-06-24 06:44:00');
INSERT INTO transactions (id, account_id, card_id, type, category, amount, currency, merchant_name, status, decline_reason, reference_id, created_at) VALUES ('tx_034', 'acc_005', 'card_003', 'purchase', 'Netflix', 1336, 'PHP', 'Netflix', 'declined', 'daily_limit', NULL, '2026-06-07 07:26:00');
INSERT INTO transactions (id, account_id, card_id, type, category, amount, currency, merchant_name, status, decline_reason, reference_id, created_at) VALUES ('tx_035', 'acc_028', 'card_010', 'purchase', 'Gold', 1826, 'PAXG', 'Buy PAXG', 'success', NULL, NULL, '2026-06-12 18:13:00');
INSERT INTO transactions (id, account_id, card_id, type, category, amount, currency, merchant_name, status, decline_reason, reference_id, created_at) VALUES ('tx_036', 'acc_011', 'card_004', 'purchase', 'Crypto', 570, 'USD', 'Buy BTC', 'success', NULL, NULL, '2026-06-24 01:59:00');
INSERT INTO transactions (id, account_id, card_id, type, category, amount, currency, merchant_name, status, decline_reason, reference_id, created_at) VALUES ('tx_037', 'acc_033', NULL, 'purchase', 'Coffee', 798, 'PHP', '% Arabica', 'declined', 'online_payment_disabled', NULL, '2026-06-23 14:28:00');
INSERT INTO transactions (id, account_id, card_id, type, category, amount, currency, merchant_name, status, decline_reason, reference_id, created_at) VALUES ('tx_038', 'acc_004', 'card_002', 'purchase', 'Gold', 371, 'PAXG', 'Buy PAXG', 'success', NULL, NULL, '2026-06-04 02:31:00');
INSERT INTO transactions (id, account_id, card_id, type, category, amount, currency, merchant_name, status, decline_reason, reference_id, created_at) VALUES ('tx_039', 'acc_007', NULL, 'purchase', 'Amazon', 952, 'PHP', 'Amazon US', 'success', NULL, NULL, '2026-07-05 03:16:00');
INSERT INTO transactions (id, account_id, card_id, type, category, amount, currency, merchant_name, status, decline_reason, reference_id, created_at) VALUES ('tx_040', 'acc_008', NULL, 'transfer', 'Transfer', 2348, 'PHP', 'Send Money to Savings', 'success', NULL, NULL, '2026-06-21 10:39:00');
INSERT INTO transactions (id, account_id, card_id, type, category, amount, currency, merchant_name, status, decline_reason, reference_id, created_at) VALUES ('tx_041', 'acc_021', 'card_009', 'purchase', 'Netflix', 1968, 'PHP', 'Netflix', 'declined', 'online_payment_disabled', NULL, '2026-06-20 16:10:00');
INSERT INTO transactions (id, account_id, card_id, type, category, amount, currency, merchant_name, status, decline_reason, reference_id, created_at) VALUES ('tx_042', 'acc_022', NULL, 'transfer', 'Transfer', 3733, 'PHP', 'Send Money to Savings', 'declined', 'online_payment_disabled', NULL, '2026-06-01 23:50:00');
INSERT INTO transactions (id, account_id, card_id, type, category, amount, currency, merchant_name, status, decline_reason, reference_id, created_at) VALUES ('tx_043', 'acc_026', NULL, 'deposit', 'Savings', 218, 'PHP', 'Interest Credited', 'success', NULL, NULL, '2026-07-07 08:04:00');
INSERT INTO transactions (id, account_id, card_id, type, category, amount, currency, merchant_name, status, decline_reason, reference_id, created_at) VALUES ('tx_044', 'acc_005', NULL, 'deposit', 'Salary', 60042, 'PHP', 'GoTyme Payroll Deposit', 'success', NULL, NULL, '2026-06-02 21:03:00');
INSERT INTO transactions (id, account_id, card_id, type, category, amount, currency, merchant_name, status, decline_reason, reference_id, created_at) VALUES ('tx_045', 'acc_001', 'card_001', 'purchase', 'ATM', 1116, 'PHP', 'Metrobank ATM', 'success', NULL, NULL, '2026-07-03 06:20:00');
INSERT INTO transactions (id, account_id, card_id, type, category, amount, currency, merchant_name, status, decline_reason, reference_id, created_at) VALUES ('tx_046', 'acc_021', 'card_009', 'purchase', 'Grab', 1437, 'PHP', 'GrabCar', 'success', NULL, NULL, '2026-07-09 01:26:00');
INSERT INTO transactions (id, account_id, card_id, type, category, amount, currency, merchant_name, status, decline_reason, reference_id, created_at) VALUES ('tx_047', 'acc_003', 'card_001', 'purchase', 'Crypto', 475, 'USD', 'Sell BTC', 'success', NULL, NULL, '2026-06-20 11:42:00');
INSERT INTO transactions (id, account_id, card_id, type, category, amount, currency, merchant_name, status, decline_reason, reference_id, created_at) VALUES ('tx_048', 'acc_027', 'card_010', 'purchase', 'Crypto', 808, 'USD', 'Sell BTC', 'success', NULL, NULL, '2026-06-12 12:14:00');
INSERT INTO transactions (id, account_id, card_id, type, category, amount, currency, merchant_name, status, decline_reason, reference_id, created_at) VALUES ('tx_049', 'acc_006', NULL, 'transfer', 'Transfer', 862, 'PHP', 'Send Money to Savings', 'success', NULL, NULL, '2026-06-07 04:18:00');
INSERT INTO transactions (id, account_id, card_id, type, category, amount, currency, merchant_name, status, decline_reason, reference_id, created_at) VALUES ('tx_050', 'acc_005', 'card_003', 'purchase', 'Spotify', 1655, 'PHP', 'Spotify', 'success', NULL, NULL, '2026-07-07 13:56:00');
INSERT INTO transactions (id, account_id, card_id, type, category, amount, currency, merchant_name, status, decline_reason, reference_id, created_at) VALUES ('tx_051', 'acc_022', NULL, 'deposit', 'Savings', 134, 'PHP', 'Interest Credited', 'success', NULL, NULL, '2026-06-07 03:55:00');
INSERT INTO transactions (id, account_id, card_id, type, category, amount, currency, merchant_name, status, decline_reason, reference_id, created_at) VALUES ('tx_052', 'acc_011', 'card_004', 'purchase', 'Crypto', 1148, 'USD', 'Buy BTC', 'success', NULL, NULL, '2026-06-08 09:08:00');
INSERT INTO transactions (id, account_id, card_id, type, category, amount, currency, merchant_name, status, decline_reason, reference_id, created_at) VALUES ('tx_053', 'acc_009', 'card_004', 'purchase', 'ATM', 1744, 'PHP', 'BDO ATM', 'declined', 'international_disabled', NULL, '2026-06-16 15:23:00');
INSERT INTO transactions (id, account_id, card_id, type, category, amount, currency, merchant_name, status, decline_reason, reference_id, created_at) VALUES ('tx_054', 'acc_027', 'card_010', 'purchase', 'Crypto', 73, 'USD', 'Buy BTC', 'declined', 'insufficient_funds', NULL, '2026-07-02 22:50:00');
INSERT INTO transactions (id, account_id, card_id, type, category, amount, currency, merchant_name, status, decline_reason, reference_id, created_at) VALUES ('tx_055', 'acc_009', NULL, 'deposit', 'Salary', 67884, 'PHP', 'GoTyme Payroll Deposit', 'success', NULL, NULL, '2026-06-07 19:50:00');
INSERT INTO transactions (id, account_id, card_id, type, category, amount, currency, merchant_name, status, decline_reason, reference_id, created_at) VALUES ('tx_056', 'acc_019', 'card_007', 'purchase', 'Crypto', 661, 'USD', 'Buy BTC', 'declined', 'daily_limit', NULL, '2026-07-05 13:48:00');
INSERT INTO transactions (id, account_id, card_id, type, category, amount, currency, merchant_name, status, decline_reason, reference_id, created_at) VALUES ('tx_057', 'acc_007', NULL, 'purchase', 'Netflix', 811, 'PHP', 'Netflix', 'declined', 'daily_limit', NULL, '2026-07-05 10:26:00');
INSERT INTO transactions (id, account_id, card_id, type, category, amount, currency, merchant_name, status, decline_reason, reference_id, created_at) VALUES ('tx_058', 'acc_027', 'card_010', 'purchase', 'Crypto', 1377, 'USD', 'Buy BTC', 'declined', 'locked_card', NULL, '2026-06-11 01:31:00');
INSERT INTO transactions (id, account_id, card_id, type, category, amount, currency, merchant_name, status, decline_reason, reference_id, created_at) VALUES ('tx_059', 'acc_005', 'card_003', 'purchase', 'Spotify', 1736, 'PHP', 'Spotify', 'declined', 'insufficient_funds', NULL, '2026-06-19 01:20:00');
INSERT INTO transactions (id, account_id, card_id, type, category, amount, currency, merchant_name, status, decline_reason, reference_id, created_at) VALUES ('tx_060', 'acc_002', NULL, 'deposit', 'Savings', 441, 'PHP', 'Interest Credited', 'success', NULL, NULL, '2026-06-06 10:29:00');
INSERT INTO transactions (id, account_id, card_id, type, category, amount, currency, merchant_name, status, decline_reason, reference_id, created_at) VALUES ('tx_061', 'acc_005', 'card_003', 'purchase', 'Apple', 1443, 'PHP', 'Apple Services', 'success', NULL, NULL, '2026-06-04 10:54:00');
INSERT INTO transactions (id, account_id, card_id, type, category, amount, currency, merchant_name, status, decline_reason, reference_id, created_at) VALUES ('tx_062', 'acc_030', NULL, 'transfer', 'Transfer', 3750, 'PHP', 'Send Money to Savings', 'success', NULL, NULL, '2026-06-17 17:57:00');
INSERT INTO transactions (id, account_id, card_id, type, category, amount, currency, merchant_name, status, decline_reason, reference_id, created_at) VALUES ('tx_063', 'acc_017', 'card_006', 'purchase', 'Netflix', 358, 'PHP', 'Netflix', 'success', NULL, NULL, '2026-06-01 09:15:00');
INSERT INTO transactions (id, account_id, card_id, type, category, amount, currency, merchant_name, status, decline_reason, reference_id, created_at) VALUES ('tx_064', 'acc_016', 'card_005', 'purchase', 'Gold', 1030, 'PAXG', 'Buy PAXG', 'success', NULL, NULL, '2026-06-10 14:05:00');
INSERT INTO transactions (id, account_id, card_id, type, category, amount, currency, merchant_name, status, decline_reason, reference_id, created_at) VALUES ('tx_065', 'acc_033', NULL, 'transfer', 'Transfer', 2385, 'PHP', 'Send to Alice GCash', 'success', NULL, NULL, '2026-06-24 21:19:00');
INSERT INTO transactions (id, account_id, card_id, type, category, amount, currency, merchant_name, status, decline_reason, reference_id, created_at) VALUES ('tx_066', 'acc_007', NULL, 'purchase', 'Spotify', 1422, 'PHP', 'Spotify', 'success', NULL, NULL, '2026-06-24 22:22:00');
INSERT INTO transactions (id, account_id, card_id, type, category, amount, currency, merchant_name, status, decline_reason, reference_id, created_at) VALUES ('tx_067', 'acc_008', NULL, 'transfer', 'Transfer', 1390, 'PHP', 'Send Money to Savings', 'success', NULL, NULL, '2026-07-09 08:56:00');
INSERT INTO transactions (id, account_id, card_id, type, category, amount, currency, merchant_name, status, decline_reason, reference_id, created_at) VALUES ('tx_068', 'acc_029', 'card_011', 'purchase', 'Grab', 720, 'PHP', 'GrabCar', 'success', NULL, NULL, '2026-06-16 16:27:00');
INSERT INTO transactions (id, account_id, card_id, type, category, amount, currency, merchant_name, status, decline_reason, reference_id, created_at) VALUES ('tx_069', 'acc_018', NULL, 'transfer', 'Transfer', 1360, 'PHP', 'Send Money to Savings', 'success', NULL, NULL, '2026-06-22 13:08:00');
INSERT INTO transactions (id, account_id, card_id, type, category, amount, currency, merchant_name, status, decline_reason, reference_id, created_at) VALUES ('tx_070', 'acc_016', 'card_005', 'purchase', 'Gold', 1470, 'PAXG', 'Buy PAXG', 'success', NULL, NULL, '2026-06-17 02:00:00');
INSERT INTO transactions (id, account_id, card_id, type, category, amount, currency, merchant_name, status, decline_reason, reference_id, created_at) VALUES ('tx_071', 'acc_007', NULL, 'purchase', 'Netflix', 1264, 'PHP', 'Netflix', 'success', NULL, NULL, '2026-06-04 11:11:00');
INSERT INTO transactions (id, account_id, card_id, type, category, amount, currency, merchant_name, status, decline_reason, reference_id, created_at) VALUES ('tx_072', 'acc_026', NULL, 'transfer', 'Transfer', 1397, 'PHP', 'Send Money to Savings', 'success', NULL, NULL, '2026-06-17 13:25:00');
INSERT INTO transactions (id, account_id, card_id, type, category, amount, currency, merchant_name, status, decline_reason, reference_id, created_at) VALUES ('tx_073', 'acc_005', 'card_003', 'purchase', 'Netflix', 1058, 'PHP', 'Netflix', 'success', NULL, NULL, '2026-06-05 19:27:00');
INSERT INTO transactions (id, account_id, card_id, type, category, amount, currency, merchant_name, status, decline_reason, reference_id, created_at) VALUES ('tx_074', 'acc_005', 'card_003', 'purchase', 'Amazon', 1426, 'PHP', 'Amazon Prime', 'success', NULL, NULL, '2026-06-16 09:16:00');
INSERT INTO transactions (id, account_id, card_id, type, category, amount, currency, merchant_name, status, decline_reason, reference_id, created_at) VALUES ('tx_075', 'acc_030', NULL, 'deposit', 'Savings', 188, 'PHP', 'Interest Credited', 'success', NULL, NULL, '2026-07-03 04:13:00');
INSERT INTO transactions (id, account_id, card_id, type, category, amount, currency, merchant_name, status, decline_reason, reference_id, created_at) VALUES ('tx_076', 'acc_007', NULL, 'transfer', 'Transfer', 2048, 'PHP', 'Send to Alice GCash', 'success', NULL, NULL, '2026-06-05 00:00:00');
INSERT INTO transactions (id, account_id, card_id, type, category, amount, currency, merchant_name, status, decline_reason, reference_id, created_at) VALUES ('tx_077', 'acc_006', NULL, 'transfer', 'Transfer', 1773, 'PHP', 'Send Money to Savings', 'success', NULL, NULL, '2026-06-09 06:33:00');
INSERT INTO transactions (id, account_id, card_id, type, category, amount, currency, merchant_name, status, decline_reason, reference_id, created_at) VALUES ('tx_078', 'acc_007', NULL, 'purchase', 'ATM', 1101, 'PHP', 'Metrobank ATM', 'declined', 'daily_limit', NULL, '2026-06-23 00:26:00');
INSERT INTO transactions (id, account_id, card_id, type, category, amount, currency, merchant_name, status, decline_reason, reference_id, created_at) VALUES ('tx_079', 'acc_016', 'card_005', 'purchase', 'Gold', 126, 'PAXG', 'Sell PAXG', 'success', NULL, NULL, '2026-07-02 18:53:00');
INSERT INTO transactions (id, account_id, card_id, type, category, amount, currency, merchant_name, status, decline_reason, reference_id, created_at) VALUES ('tx_080', 'acc_015', 'card_005', 'purchase', 'Crypto', 1905, 'USD', 'Sell BTC', 'declined', 'insufficient_funds', NULL, '2026-06-11 19:18:00');
INSERT INTO transactions (id, account_id, card_id, type, category, amount, currency, merchant_name, status, decline_reason, reference_id, created_at) VALUES ('tx_081', 'acc_012', 'card_004', 'purchase', 'Gold', 657, 'PAXG', 'Sell PAXG', 'success', NULL, NULL, '2026-06-19 06:37:00');
INSERT INTO transactions (id, account_id, card_id, type, category, amount, currency, merchant_name, status, decline_reason, reference_id, created_at) VALUES ('tx_082', 'acc_001', NULL, 'deposit', 'Salary', 90814, 'PHP', 'GoTyme Payroll Deposit', 'success', NULL, NULL, '2026-07-05 01:13:00');
INSERT INTO transactions (id, account_id, card_id, type, category, amount, currency, merchant_name, status, decline_reason, reference_id, created_at) VALUES ('tx_083', 'acc_023', 'card_009', 'purchase', 'Crypto', 1092, 'USD', 'Sell BTC', 'declined', 'online_payment_disabled', NULL, '2026-06-15 16:55:00');
INSERT INTO transactions (id, account_id, card_id, type, category, amount, currency, merchant_name, status, decline_reason, reference_id, created_at) VALUES ('tx_084', 'acc_001', 'card_002', 'purchase', 'Food', 1310, 'PHP', 'Jollibee', 'success', NULL, NULL, '2026-06-19 00:18:00');
INSERT INTO transactions (id, account_id, card_id, type, category, amount, currency, merchant_name, status, decline_reason, reference_id, created_at) VALUES ('tx_085', 'acc_031', 'card_011', 'purchase', 'Crypto', 1451, 'USD', 'Buy BTC', 'success', NULL, NULL, '2026-07-04 07:28:00');
INSERT INTO transactions (id, account_id, card_id, type, category, amount, currency, merchant_name, status, decline_reason, reference_id, created_at) VALUES ('tx_086', 'acc_022', NULL, 'transfer', 'Transfer', 4835, 'PHP', 'Send Money to Savings', 'declined', 'locked_card', NULL, '2026-06-07 10:43:00');
INSERT INTO transactions (id, account_id, card_id, type, category, amount, currency, merchant_name, status, decline_reason, reference_id, created_at) VALUES ('tx_087', 'acc_002', NULL, 'transfer', 'Transfer', 2640, 'PHP', 'Send Money to Savings', 'declined', 'international_disabled', NULL, '2026-06-20 12:07:00');
INSERT INTO transactions (id, account_id, card_id, type, category, amount, currency, merchant_name, status, decline_reason, reference_id, created_at) VALUES ('tx_088', 'acc_027', 'card_010', 'purchase', 'Crypto', 1311, 'USD', 'Sell BTC', 'success', NULL, NULL, '2026-06-15 14:30:00');
INSERT INTO transactions (id, account_id, card_id, type, category, amount, currency, merchant_name, status, decline_reason, reference_id, created_at) VALUES ('tx_089', 'acc_025', 'card_010', 'purchase', 'Amazon', 419, 'PHP', 'Amazon US', 'success', NULL, NULL, '2026-06-20 21:48:00');
INSERT INTO transactions (id, account_id, card_id, type, category, amount, currency, merchant_name, status, decline_reason, reference_id, created_at) VALUES ('tx_090', 'acc_009', 'card_004', 'purchase', 'Coffee', 306, 'PHP', 'Starbucks', 'success', NULL, NULL, '2026-06-17 09:59:00');
INSERT INTO transactions (id, account_id, card_id, type, category, amount, currency, merchant_name, status, decline_reason, reference_id, created_at) VALUES ('tx_091', 'acc_019', 'card_007', 'purchase', 'Crypto', 1079, 'USD', 'Sell BTC', 'success', NULL, NULL, '2026-06-30 06:04:00');
INSERT INTO transactions (id, account_id, card_id, type, category, amount, currency, merchant_name, status, decline_reason, reference_id, created_at) VALUES ('tx_092', 'acc_016', 'card_005', 'purchase', 'Gold', 576, 'PAXG', 'Sell PAXG', 'declined', 'insufficient_funds', NULL, '2026-06-21 17:12:00');
INSERT INTO transactions (id, account_id, card_id, type, category, amount, currency, merchant_name, status, decline_reason, reference_id, created_at) VALUES ('tx_093', 'acc_033', NULL, 'purchase', 'Grab', 1305, 'PHP', 'GrabCar', 'success', NULL, NULL, '2026-07-05 03:49:00');
INSERT INTO transactions (id, account_id, card_id, type, category, amount, currency, merchant_name, status, decline_reason, reference_id, created_at) VALUES ('tx_094', 'acc_034', NULL, 'transfer', 'Transfer', 2781, 'PHP', 'Send Money to Savings', 'success', NULL, NULL, '2026-06-10 01:37:00');
INSERT INTO transactions (id, account_id, card_id, type, category, amount, currency, merchant_name, status, decline_reason, reference_id, created_at) VALUES ('tx_095', 'acc_027', 'card_010', 'purchase', 'Crypto', 1760, 'USD', 'Sell BTC', 'success', NULL, NULL, '2026-06-29 18:52:00');
INSERT INTO transactions (id, account_id, card_id, type, category, amount, currency, merchant_name, status, decline_reason, reference_id, created_at) VALUES ('tx_096', 'acc_007', NULL, 'purchase', 'Grab', 756, 'PHP', 'GrabCar', 'declined', 'daily_limit', NULL, '2026-06-15 08:08:00');
INSERT INTO transactions (id, account_id, card_id, type, category, amount, currency, merchant_name, status, decline_reason, reference_id, created_at) VALUES ('tx_097', 'acc_030', NULL, 'deposit', 'Savings', 289, 'PHP', 'Interest Credited', 'success', NULL, NULL, '2026-06-16 19:40:00');
INSERT INTO transactions (id, account_id, card_id, type, category, amount, currency, merchant_name, status, decline_reason, reference_id, created_at) VALUES ('tx_098', 'acc_013', 'card_005', 'purchase', 'Spotify', 1828, 'PHP', 'Spotify', 'success', NULL, NULL, '2026-06-21 02:10:00');
INSERT INTO transactions (id, account_id, card_id, type, category, amount, currency, merchant_name, status, decline_reason, reference_id, created_at) VALUES ('tx_099', 'acc_030', NULL, 'transfer', 'Transfer', 2634, 'PHP', 'Send Money to Savings', 'success', NULL, NULL, '2026-06-08 02:10:00');
INSERT INTO transactions (id, account_id, card_id, type, category, amount, currency, merchant_name, status, decline_reason, reference_id, created_at) VALUES ('tx_100', 'acc_026', NULL, 'deposit', 'Savings', 468, 'PHP', 'Interest Credited', 'success', NULL, NULL, '2026-07-02 17:37:00');
INSERT INTO transactions (id, account_id, card_id, type, category, amount, currency, merchant_name, status, decline_reason, reference_id, created_at) VALUES ('tx_101', 'acc_026', NULL, 'transfer', 'Transfer', 3154, 'PHP', 'Send Money to Savings', 'declined', 'locked_card', NULL, '2026-06-07 03:10:00');
INSERT INTO transactions (id, account_id, card_id, type, category, amount, currency, merchant_name, status, decline_reason, reference_id, created_at) VALUES ('tx_102', 'acc_034', NULL, 'transfer', 'Transfer', 4288, 'PHP', 'Send Money to Savings', 'declined', 'locked_card', NULL, '2026-06-19 22:19:00');
INSERT INTO transactions (id, account_id, card_id, type, category, amount, currency, merchant_name, status, decline_reason, reference_id, created_at) VALUES ('tx_103', 'acc_002', NULL, 'deposit', 'Savings', 158, 'PHP', 'Interest Credited', 'success', NULL, NULL, '2026-06-25 22:17:00');
INSERT INTO transactions (id, account_id, card_id, type, category, amount, currency, merchant_name, status, decline_reason, reference_id, created_at) VALUES ('tx_104', 'acc_003', 'card_002', 'purchase', 'Crypto', 1992, 'USD', 'Sell BTC', 'success', NULL, NULL, '2026-06-03 03:06:00');
INSERT INTO transactions (id, account_id, card_id, type, category, amount, currency, merchant_name, status, decline_reason, reference_id, created_at) VALUES ('tx_105', 'acc_004', 'card_002', 'purchase', 'Gold', 1495, 'PAXG', 'Buy PAXG', 'success', NULL, NULL, '2026-06-20 13:43:00');
INSERT INTO transactions (id, account_id, card_id, type, category, amount, currency, merchant_name, status, decline_reason, reference_id, created_at) VALUES ('tx_106', 'acc_002', NULL, 'deposit', 'Savings', 68, 'PHP', 'Interest Credited', 'success', NULL, NULL, '2026-07-09 01:31:00');
INSERT INTO transactions (id, account_id, card_id, type, category, amount, currency, merchant_name, status, decline_reason, reference_id, created_at) VALUES ('tx_107', 'acc_031', 'card_011', 'purchase', 'Crypto', 72, 'USD', 'Buy BTC', 'declined', 'online_payment_disabled', NULL, '2026-06-18 21:40:00');
INSERT INTO transactions (id, account_id, card_id, type, category, amount, currency, merchant_name, status, decline_reason, reference_id, created_at) VALUES ('tx_108', 'acc_033', NULL, 'purchase', 'Apple', 1655, 'PHP', 'Apple Services', 'declined', 'locked_card', NULL, '2026-06-13 01:41:00');
INSERT INTO transactions (id, account_id, card_id, type, category, amount, currency, merchant_name, status, decline_reason, reference_id, created_at) VALUES ('tx_109', 'acc_006', NULL, 'deposit', 'Savings', 74, 'PHP', 'Interest Credited', 'success', NULL, NULL, '2026-07-01 09:43:00');
INSERT INTO transactions (id, account_id, card_id, type, category, amount, currency, merchant_name, status, decline_reason, reference_id, created_at) VALUES ('tx_110', 'acc_006', NULL, 'deposit', 'Savings', 404, 'PHP', 'Interest Credited', 'success', NULL, NULL, '2026-07-08 13:21:00');
INSERT INTO transactions (id, account_id, card_id, type, category, amount, currency, merchant_name, status, decline_reason, reference_id, created_at) VALUES ('tx_111', 'acc_031', 'card_011', 'purchase', 'Crypto', 1481, 'USD', 'Sell BTC', 'success', NULL, NULL, '2026-06-10 10:55:00');
INSERT INTO transactions (id, account_id, card_id, type, category, amount, currency, merchant_name, status, decline_reason, reference_id, created_at) VALUES ('tx_112', 'acc_002', NULL, 'transfer', 'Transfer', 4349, 'PHP', 'Send Money to Savings', 'success', NULL, NULL, '2026-06-05 01:05:00');
INSERT INTO transactions (id, account_id, card_id, type, category, amount, currency, merchant_name, status, decline_reason, reference_id, created_at) VALUES ('tx_113', 'acc_005', 'card_003', 'purchase', 'Steam', 702, 'PHP', 'Steam Games', 'success', NULL, NULL, '2026-07-01 11:46:00');
INSERT INTO transactions (id, account_id, card_id, type, category, amount, currency, merchant_name, status, decline_reason, reference_id, created_at) VALUES ('tx_114', 'acc_034', NULL, 'deposit', 'Savings', 148, 'PHP', 'Interest Credited', 'success', NULL, NULL, '2026-07-07 06:54:00');
INSERT INTO transactions (id, account_id, card_id, type, category, amount, currency, merchant_name, status, decline_reason, reference_id, created_at) VALUES ('tx_115', 'acc_022', NULL, 'deposit', 'Savings', 420, 'PHP', 'Interest Credited', 'success', NULL, NULL, '2026-06-23 19:37:00');
INSERT INTO transactions (id, account_id, card_id, type, category, amount, currency, merchant_name, status, decline_reason, reference_id, created_at) VALUES ('tx_116', 'acc_020', 'card_006', 'purchase', 'Gold', 1190, 'PAXG', 'Sell PAXG', 'declined', 'locked_card', NULL, '2026-06-16 11:16:00');
INSERT INTO transactions (id, account_id, card_id, type, category, amount, currency, merchant_name, status, decline_reason, reference_id, created_at) VALUES ('tx_117', 'acc_010', NULL, 'transfer', 'Transfer', 4761, 'PHP', 'Send Money to Savings', 'success', NULL, NULL, '2026-06-09 11:57:00');

INSERT INTO pending_actions (id, customer_id, action_type, action_details, status, created_at, expires_at) VALUES ('act_001','cust_001','Enable Online Payment','{"card_id":"card_002","online_payment_enabled":1}','pending','2026-07-09 23:25:00','2026-07-09 23:35:00');
INSERT INTO pending_actions (id, customer_id, action_type, action_details, status, created_at, expires_at) VALUES ('act_002','cust_006','Update Card Limits','{"card_id":"card_006","daily_limit":250000.0}','confirmed','2026-07-09 18:32:00','2026-07-09 18:42:00');
INSERT INTO pending_actions (id, customer_id, action_type, action_details, status, created_at, expires_at) VALUES ('act_007','cust_001','Freeze Card','{"card_id":"card_001"}','cancelled','2026-07-09 10:00:00','2026-07-09 10:10:00');
INSERT INTO pending_actions (id, customer_id, action_type, action_details, status, created_at, expires_at) VALUES ('act_004','cust_007','Enable International Payment','{"card_id":"card_009","international_payment_enabled":1}','pending','2026-07-09 23:34:00','2026-07-09 23:44:00');
INSERT INTO pending_actions (id, customer_id, action_type, action_details, status, created_at, expires_at) VALUES ('act_005','cust_001','Replace Card','{"card_id":"card_001","reason":"stolen"}','pending','2026-07-09 23:30:00','2026-07-09 23:40:00');
INSERT INTO pending_actions (id, customer_id, action_type, action_details, status, created_at, expires_at) VALUES ('act_006','cust_006','Open Gold Wallet','{"currency":"PAXG"}','expired','2026-07-08 12:00:00','2026-07-08 12:10:00');

INSERT INTO voice_sessions (id, customer_id, started_at, ended_at, duration_seconds, device, language) VALUES ('sess_001','cust_001','2026-07-09 20:16:00','2026-07-09 20:20:00',240,'Apple iPhone 15 Pro','en-US');
INSERT INTO voice_sessions (id, customer_id, started_at, ended_at, duration_seconds, device, language) VALUES ('sess_002','cust_006','2026-07-09 18:31:00','2026-07-09 18:35:00',240,'Samsung Galaxy S24','en-US');
INSERT INTO voice_sessions (id, customer_id, started_at, ended_at, duration_seconds, device, language) VALUES ('sess_003','cust_004','2026-07-08 10:01:00','2026-07-08 10:03:00',120,'Google Pixel 8','en-US');
INSERT INTO voice_sessions (id, customer_id, started_at, ended_at, duration_seconds, device, language) VALUES ('sess_004','cust_002','2026-07-09 22:01:00','2026-07-09 22:04:00',180,'Xiaomi Redmi Note 13','en-US');
INSERT INTO voice_sessions (id, customer_id, started_at, ended_at, duration_seconds, device, language) VALUES ('sess_005','cust_007','2026-07-09 14:01:00','2026-07-09 14:05:00',240,'Apple iPhone 13','en-US');
INSERT INTO voice_sessions (id, customer_id, started_at, ended_at, duration_seconds, device, language) VALUES ('sess_006','cust_001','2026-07-09 23:26:00','2026-07-09 23:32:00',360,'Apple iPhone 15 Pro','en-US');

INSERT INTO conversation_history (id, voice_session_id, role, message, tool_called, timestamp) VALUES ('ch_001','sess_001','user','Hi, I tried to pay for Netflix with my card just now, but it got declined. Can you help?',NULL,'2026-07-09 20:16:10');
INSERT INTO conversation_history (id, voice_session_id, role, message, tool_called, timestamp) VALUES ('ch_002','sess_001','assistant','Hello! Let me check that for you. I see a declined transaction of 549 PHP at Netflix. It was declined because Online Payments are disabled on your virtual card. Would you like me to enable Online Payments for you?','getRecentTransactions','2026-07-09 20:16:40');
INSERT INTO conversation_history (id, voice_session_id, role, message, tool_called, timestamp) VALUES ('ch_003','sess_001','user','Yes please, enable it.',NULL,'2026-07-09 20:17:00');
INSERT INTO conversation_history (id, voice_session_id, role, message, tool_called, timestamp) VALUES ('ch_004','sess_001','assistant','Sure! I have generated a request to enable Online Payments on your virtual card ending in 1234. Please confirm this action.','enableOnlinePayment','2026-07-09 20:17:25');
INSERT INTO conversation_history (id, voice_session_id, role, message, tool_called, timestamp) VALUES ('ch_005','sess_006','user','Hey, I lost my physical card. I need to lock it and get a replacement.',NULL,'2026-07-09 23:26:15');
INSERT INTO conversation_history (id, voice_session_id, role, message, tool_called, timestamp) VALUES ('ch_006','sess_006','assistant','I am sorry to hear that. I will freeze your physical card right away for security. I can also request a replacement physical card which you can print at any GoTyme kiosk. Shall we proceed with freezing and replacing your card?','freezeCard','2026-07-09 23:26:45');
INSERT INTO conversation_history (id, voice_session_id, role, message, tool_called, timestamp) VALUES ('ch_007','sess_006','user','Yes, go ahead.',NULL,'2026-07-09 23:27:00');
INSERT INTO conversation_history (id, voice_session_id, role, message, tool_called, timestamp) VALUES ('ch_008','sess_006','assistant','I''ve locked your card. Now, I need you to verify with your fingerprint on the phone popup to approve the replacement.','replaceCard','2026-07-09 23:27:30');

INSERT INTO audit_logs (id, timestamp, customer_id, voice_session_id, user_request, agent_reasoning_summary, tool_called, guardrail_triggered, requires_confirmation, requires_biometric, result) VALUES ('aud_demo_01','2026-07-09 20:16:30','cust_001','sess_001','Netflix declined query','Query declined Netflix transaction for card ending 1234','getRecentTransactions',NULL,0,0,'Success: identified online_payment_disabled');
INSERT INTO audit_logs (id, timestamp, customer_id, voice_session_id, user_request, agent_reasoning_summary, tool_called, guardrail_triggered, requires_confirmation, requires_biometric, result) VALUES ('aud_demo_02','2026-07-09 20:17:25','cust_001','sess_001','Enable online payment request','Create pending action to enable card online payment','enableOnlinePayment',NULL,1,0,'Success: pending confirmation act_001 created');
INSERT INTO audit_logs (id, timestamp, customer_id, voice_session_id, user_request, agent_reasoning_summary, tool_called, guardrail_triggered, requires_confirmation, requires_biometric, result) VALUES ('aud_demo_03','2026-07-09 18:32:00','cust_006','sess_002','Amazon limit increase request','Update daily transaction limit to 200000 PHP due to decline','updateCardLimits','GR_REQ_BIOMETRIC_HIGH_RISK',1,1,'Success: daily_limit updated on card_006');
INSERT INTO audit_logs (id, timestamp, customer_id, voice_session_id, user_request, agent_reasoning_summary, tool_called, guardrail_triggered, requires_confirmation, requires_biometric, result) VALUES ('aud_demo_04','2026-07-08 10:02:00','cust_004','sess_003','Card unfreeze attempt','Frozen customer attempts card unfreeze','unfreezeCard','GR_FROZEN_ACCOUNT_BLOCK',0,0,'Blocked: Account frozen. Tool execution denied.');
INSERT INTO audit_logs (id, timestamp, customer_id, voice_session_id, user_request, agent_reasoning_summary, tool_called, guardrail_triggered, requires_confirmation, requires_biometric, result) VALUES ('aud_demo_05','2026-07-09 22:02:00','cust_002','sess_004','Buy gold PAXG','Pending KYC user attempts gold purchase','buyGold','GR_BLOCK_GOLD_IF_KYC_PENDING',0,0,'Blocked: KYC pending review. Transaction restricted.');
INSERT INTO audit_logs (id, timestamp, customer_id, voice_session_id, user_request, agent_reasoning_summary, tool_called, guardrail_triggered, requires_confirmation, requires_biometric, result) VALUES ('aud_001','2026-07-01 16:43:00','cust_003','sess_003','Check KYC status','Checking KYC document status in kyc_documents table.','getKycStatus',NULL,0,0,'Success: action completed successfully');
INSERT INTO audit_logs (id, timestamp, customer_id, voice_session_id, user_request, agent_reasoning_summary, tool_called, guardrail_triggered, requires_confirmation, requires_biometric, result) VALUES ('aud_002','2026-06-28 23:09:00','cust_005','sess_002','Check KYC status','Checking KYC document status in kyc_documents table.','getKycStatus',NULL,0,0,'Success: action completed successfully');
INSERT INTO audit_logs (id, timestamp, customer_id, voice_session_id, user_request, agent_reasoning_summary, tool_called, guardrail_triggered, requires_confirmation, requires_biometric, result) VALUES ('aud_003','2026-07-03 17:39:00','cust_001','sess_004','Lock my virtual card','Triggering freezeCard on card_001 to secure account.','freezeCard','GR_FORCE_CONFIRM_LOCK',1,0,'Enforced: GR_FORCE_CONFIRM_LOCK checked');
INSERT INTO audit_logs (id, timestamp, customer_id, voice_session_id, user_request, agent_reasoning_summary, tool_called, guardrail_triggered, requires_confirmation, requires_biometric, result) VALUES ('aud_004','2026-06-19 15:02:00','cust_002','sess_003','Buy gold','Checking KYC and executing buyGold tool with biometric verification.','buyGold','GR_REQ_BIOMETRIC_HIGH_RISK',1,1,'Enforced: GR_REQ_BIOMETRIC_HIGH_RISK checked');
INSERT INTO audit_logs (id, timestamp, customer_id, voice_session_id, user_request, agent_reasoning_summary, tool_called, guardrail_triggered, requires_confirmation, requires_biometric, result) VALUES ('aud_005','2026-06-30 21:02:00','cust_003','sess_004','Check KYC status','Checking KYC document status in kyc_documents table.','getKycStatus',NULL,0,0,'Success: action completed successfully');
INSERT INTO audit_logs (id, timestamp, customer_id, voice_session_id, user_request, agent_reasoning_summary, tool_called, guardrail_triggered, requires_confirmation, requires_biometric, result) VALUES ('aud_006','2026-06-15 15:40:00','cust_005','sess_006','Replace card','Flagging stolen physical card and prompting replacement.','replaceCard','GR_REQ_BIOMETRIC_HIGH_RISK',1,1,'Enforced: GR_REQ_BIOMETRIC_HIGH_RISK checked');
INSERT INTO audit_logs (id, timestamp, customer_id, voice_session_id, user_request, agent_reasoning_summary, tool_called, guardrail_triggered, requires_confirmation, requires_biometric, result) VALUES ('aud_007','2026-06-18 03:20:00','cust_002','sess_005','Check account balance','Checking balance info on Everyday checkings and Go Save.','getBalance',NULL,0,0,'Success: action completed successfully');
INSERT INTO audit_logs (id, timestamp, customer_id, voice_session_id, user_request, agent_reasoning_summary, tool_called, guardrail_triggered, requires_confirmation, requires_biometric, result) VALUES ('aud_008','2026-06-27 00:35:00','cust_008','sess_004','Replace card','Flagging stolen physical card and prompting replacement.','replaceCard','GR_REQ_BIOMETRIC_HIGH_RISK',1,1,'Enforced: GR_REQ_BIOMETRIC_HIGH_RISK checked');
INSERT INTO audit_logs (id, timestamp, customer_id, voice_session_id, user_request, agent_reasoning_summary, tool_called, guardrail_triggered, requires_confirmation, requires_biometric, result) VALUES ('aud_009','2026-07-04 13:48:00','cust_010','sess_001','Enable international shopping','Updating international payment permissions for card.','enableInternationalPayment',NULL,1,0,'Success: action completed successfully');
INSERT INTO audit_logs (id, timestamp, customer_id, voice_session_id, user_request, agent_reasoning_summary, tool_called, guardrail_triggered, requires_confirmation, requires_biometric, result) VALUES ('aud_010','2026-06-18 07:26:00','cust_009','sess_002','Open a savings goal','Initiating internal checking-to-savings transfer to goal.','transferFundsInternal',NULL,1,0,'Success: action completed successfully');
INSERT INTO audit_logs (id, timestamp, customer_id, voice_session_id, user_request, agent_reasoning_summary, tool_called, guardrail_triggered, requires_confirmation, requires_biometric, result) VALUES ('aud_011','2026-06-30 08:25:00','cust_001','sess_004','Replace card','Flagging stolen physical card and prompting replacement.','replaceCard','GR_REQ_BIOMETRIC_HIGH_RISK',1,1,'Enforced: GR_REQ_BIOMETRIC_HIGH_RISK checked');
INSERT INTO audit_logs (id, timestamp, customer_id, voice_session_id, user_request, agent_reasoning_summary, tool_called, guardrail_triggered, requires_confirmation, requires_biometric, result) VALUES ('aud_012','2026-06-11 13:54:00','cust_004','sess_001','What is the savings rate?','Retrieving checking/savings interest rate details.','getInterestRate',NULL,0,0,'Success: action completed successfully');
INSERT INTO audit_logs (id, timestamp, customer_id, voice_session_id, user_request, agent_reasoning_summary, tool_called, guardrail_triggered, requires_confirmation, requires_biometric, result) VALUES ('aud_013','2026-06-24 18:45:00','cust_007','sess_001','Open a savings goal','Initiating internal checking-to-savings transfer to goal.','transferFundsInternal',NULL,1,0,'Success: action completed successfully');
INSERT INTO audit_logs (id, timestamp, customer_id, voice_session_id, user_request, agent_reasoning_summary, tool_called, guardrail_triggered, requires_confirmation, requires_biometric, result) VALUES ('aud_014','2026-07-01 15:22:00','cust_010','sess_005','How do I fund my account?','Querying FAQ documents for funding instructions.','getFAQAnswers',NULL,0,0,'Success: action completed successfully');
INSERT INTO audit_logs (id, timestamp, customer_id, voice_session_id, user_request, agent_reasoning_summary, tool_called, guardrail_triggered, requires_confirmation, requires_biometric, result) VALUES ('aud_015','2026-07-02 22:31:00','cust_007','sess_006','Check KYC status','Checking KYC document status in kyc_documents table.','getKycStatus',NULL,0,0,'Success: action completed successfully');
INSERT INTO audit_logs (id, timestamp, customer_id, voice_session_id, user_request, agent_reasoning_summary, tool_called, guardrail_triggered, requires_confirmation, requires_biometric, result) VALUES ('aud_016','2026-06-14 02:53:00','cust_008','sess_003','Check KYC status','Checking KYC document status in kyc_documents table.','getKycStatus',NULL,0,0,'Success: action completed successfully');
INSERT INTO audit_logs (id, timestamp, customer_id, voice_session_id, user_request, agent_reasoning_summary, tool_called, guardrail_triggered, requires_confirmation, requires_biometric, result) VALUES ('aud_017','2026-06-20 04:27:00','cust_008','sess_006','Check account balance','Checking balance info on Everyday checkings and Go Save.','getBalance',NULL,0,0,'Success: action completed successfully');
INSERT INTO audit_logs (id, timestamp, customer_id, voice_session_id, user_request, agent_reasoning_summary, tool_called, guardrail_triggered, requires_confirmation, requires_biometric, result) VALUES ('aud_018','2026-06-27 13:35:00','cust_005','sess_002','Check account balance','Checking balance info on Everyday checkings and Go Save.','getBalance',NULL,0,0,'Success: action completed successfully');
INSERT INTO audit_logs (id, timestamp, customer_id, voice_session_id, user_request, agent_reasoning_summary, tool_called, guardrail_triggered, requires_confirmation, requires_biometric, result) VALUES ('aud_019','2026-06-29 22:14:00','cust_001','sess_006','Check KYC status','Checking KYC document status in kyc_documents table.','getKycStatus',NULL,0,0,'Success: action completed successfully');
INSERT INTO audit_logs (id, timestamp, customer_id, voice_session_id, user_request, agent_reasoning_summary, tool_called, guardrail_triggered, requires_confirmation, requires_biometric, result) VALUES ('aud_020','2026-06-19 01:21:00','cust_002','sess_001','Buy gold','Checking KYC and executing buyGold tool with biometric verification.','buyGold','GR_REQ_BIOMETRIC_HIGH_RISK',1,1,'Enforced: GR_REQ_BIOMETRIC_HIGH_RISK checked');
INSERT INTO audit_logs (id, timestamp, customer_id, voice_session_id, user_request, agent_reasoning_summary, tool_called, guardrail_triggered, requires_confirmation, requires_biometric, result) VALUES ('aud_021','2026-07-05 15:58:00','cust_008','sess_004','How do I fund my account?','Querying FAQ documents for funding instructions.','getFAQAnswers',NULL,0,0,'Success: action completed successfully');
INSERT INTO audit_logs (id, timestamp, customer_id, voice_session_id, user_request, agent_reasoning_summary, tool_called, guardrail_triggered, requires_confirmation, requires_biometric, result) VALUES ('aud_022','2026-06-20 12:59:00','cust_008','sess_006','Replace card','Flagging stolen physical card and prompting replacement.','replaceCard','GR_REQ_BIOMETRIC_HIGH_RISK',1,1,'Enforced: GR_REQ_BIOMETRIC_HIGH_RISK checked');
INSERT INTO audit_logs (id, timestamp, customer_id, voice_session_id, user_request, agent_reasoning_summary, tool_called, guardrail_triggered, requires_confirmation, requires_biometric, result) VALUES ('aud_023','2026-06-29 15:45:00','cust_010','sess_004','Explain last card decline','Querying transactions to identify most recent decline reason.','getRecentTransactions',NULL,0,0,'Success: action completed successfully');
INSERT INTO audit_logs (id, timestamp, customer_id, voice_session_id, user_request, agent_reasoning_summary, tool_called, guardrail_triggered, requires_confirmation, requires_biometric, result) VALUES ('aud_024','2026-07-01 02:18:00','cust_005','sess_003','Lock my virtual card','Triggering freezeCard on card_001 to secure account.','freezeCard','GR_FORCE_CONFIRM_LOCK',1,0,'Enforced: GR_FORCE_CONFIRM_LOCK checked');
INSERT INTO audit_logs (id, timestamp, customer_id, voice_session_id, user_request, agent_reasoning_summary, tool_called, guardrail_triggered, requires_confirmation, requires_biometric, result) VALUES ('aud_025','2026-06-11 16:30:00','cust_002','sess_004','How do I fund my account?','Querying FAQ documents for funding instructions.','getFAQAnswers',NULL,0,0,'Success: action completed successfully');
INSERT INTO audit_logs (id, timestamp, customer_id, voice_session_id, user_request, agent_reasoning_summary, tool_called, guardrail_triggered, requires_confirmation, requires_biometric, result) VALUES ('aud_026','2026-07-01 17:46:00','cust_005','sess_002','How do I fund my account?','Querying FAQ documents for funding instructions.','getFAQAnswers',NULL,0,0,'Success: action completed successfully');
INSERT INTO audit_logs (id, timestamp, customer_id, voice_session_id, user_request, agent_reasoning_summary, tool_called, guardrail_triggered, requires_confirmation, requires_biometric, result) VALUES ('aud_027','2026-06-30 14:42:00','cust_003','sess_005','Explain last card decline','Querying transactions to identify most recent decline reason.','getRecentTransactions',NULL,0,0,'Success: action completed successfully');
INSERT INTO audit_logs (id, timestamp, customer_id, voice_session_id, user_request, agent_reasoning_summary, tool_called, guardrail_triggered, requires_confirmation, requires_biometric, result) VALUES ('aud_028','2026-06-18 16:41:00','cust_005','sess_005','Replace card','Flagging stolen physical card and prompting replacement.','replaceCard','GR_REQ_BIOMETRIC_HIGH_RISK',1,1,'Enforced: GR_REQ_BIOMETRIC_HIGH_RISK checked');
INSERT INTO audit_logs (id, timestamp, customer_id, voice_session_id, user_request, agent_reasoning_summary, tool_called, guardrail_triggered, requires_confirmation, requires_biometric, result) VALUES ('aud_029','2026-07-05 06:25:00','cust_007','sess_006','How safe is my gold wallet?','Querying FAQ documents for gold security questions.','getFAQAnswers',NULL,0,0,'Success: action completed successfully');
INSERT INTO audit_logs (id, timestamp, customer_id, voice_session_id, user_request, agent_reasoning_summary, tool_called, guardrail_triggered, requires_confirmation, requires_biometric, result) VALUES ('aud_030','2026-06-28 15:03:00','cust_005','sess_005','How do I fund my account?','Querying FAQ documents for funding instructions.','getFAQAnswers',NULL,0,0,'Success: action completed successfully');
INSERT INTO audit_logs (id, timestamp, customer_id, voice_session_id, user_request, agent_reasoning_summary, tool_called, guardrail_triggered, requires_confirmation, requires_biometric, result) VALUES ('aud_031','2026-06-21 01:30:00','cust_006','sess_005','Open a savings goal','Initiating internal checking-to-savings transfer to goal.','transferFundsInternal',NULL,1,0,'Success: action completed successfully');
INSERT INTO audit_logs (id, timestamp, customer_id, voice_session_id, user_request, agent_reasoning_summary, tool_called, guardrail_triggered, requires_confirmation, requires_biometric, result) VALUES ('aud_032','2026-07-02 03:04:00','cust_007','sess_005','Replace card','Flagging stolen physical card and prompting replacement.','replaceCard','GR_REQ_BIOMETRIC_HIGH_RISK',1,1,'Enforced: GR_REQ_BIOMETRIC_HIGH_RISK checked');
INSERT INTO audit_logs (id, timestamp, customer_id, voice_session_id, user_request, agent_reasoning_summary, tool_called, guardrail_triggered, requires_confirmation, requires_biometric, result) VALUES ('aud_033','2026-06-18 18:28:00','cust_010','sess_004','Enable international shopping','Updating international payment permissions for card.','enableInternationalPayment',NULL,1,0,'Success: action completed successfully');
INSERT INTO audit_logs (id, timestamp, customer_id, voice_session_id, user_request, agent_reasoning_summary, tool_called, guardrail_triggered, requires_confirmation, requires_biometric, result) VALUES ('aud_034','2026-06-21 13:37:00','cust_004','sess_005','How do I fund my account?','Querying FAQ documents for funding instructions.','getFAQAnswers',NULL,0,0,'Success: action completed successfully');
INSERT INTO audit_logs (id, timestamp, customer_id, voice_session_id, user_request, agent_reasoning_summary, tool_called, guardrail_triggered, requires_confirmation, requires_biometric, result) VALUES ('aud_035','2026-06-30 23:35:00','cust_008','sess_005','How safe is my gold wallet?','Querying FAQ documents for gold security questions.','getFAQAnswers',NULL,0,0,'Success: action completed successfully');
INSERT INTO audit_logs (id, timestamp, customer_id, voice_session_id, user_request, agent_reasoning_summary, tool_called, guardrail_triggered, requires_confirmation, requires_biometric, result) VALUES ('aud_036','2026-06-20 13:49:00','cust_006','sess_002','Open a savings goal','Initiating internal checking-to-savings transfer to goal.','transferFundsInternal',NULL,1,0,'Success: action completed successfully');
INSERT INTO audit_logs (id, timestamp, customer_id, voice_session_id, user_request, agent_reasoning_summary, tool_called, guardrail_triggered, requires_confirmation, requires_biometric, result) VALUES ('aud_037','2026-06-29 07:22:00','cust_004','sess_002','Enable international shopping','Updating international payment permissions for card.','enableInternationalPayment',NULL,1,0,'Success: action completed successfully');
INSERT INTO audit_logs (id, timestamp, customer_id, voice_session_id, user_request, agent_reasoning_summary, tool_called, guardrail_triggered, requires_confirmation, requires_biometric, result) VALUES ('aud_038','2026-07-06 03:58:00','cust_001','sess_002','How safe is my gold wallet?','Querying FAQ documents for gold security questions.','getFAQAnswers',NULL,0,0,'Success: action completed successfully');
INSERT INTO audit_logs (id, timestamp, customer_id, voice_session_id, user_request, agent_reasoning_summary, tool_called, guardrail_triggered, requires_confirmation, requires_biometric, result) VALUES ('aud_039','2026-06-19 12:16:00','cust_001','sess_005','Buy gold','Checking KYC and executing buyGold tool with biometric verification.','buyGold','GR_REQ_BIOMETRIC_HIGH_RISK',1,1,'Enforced: GR_REQ_BIOMETRIC_HIGH_RISK checked');
INSERT INTO audit_logs (id, timestamp, customer_id, voice_session_id, user_request, agent_reasoning_summary, tool_called, guardrail_triggered, requires_confirmation, requires_biometric, result) VALUES ('aud_040','2026-06-28 06:59:00','cust_004','sess_005','Explain last card decline','Querying transactions to identify most recent decline reason.','getRecentTransactions',NULL,0,0,'Success: action completed successfully');
INSERT INTO audit_logs (id, timestamp, customer_id, voice_session_id, user_request, agent_reasoning_summary, tool_called, guardrail_triggered, requires_confirmation, requires_biometric, result) VALUES ('aud_041','2026-06-22 01:48:00','cust_001','sess_001','Buy gold','Checking KYC and executing buyGold tool with biometric verification.','buyGold','GR_REQ_BIOMETRIC_HIGH_RISK',1,1,'Enforced: GR_REQ_BIOMETRIC_HIGH_RISK checked');
INSERT INTO audit_logs (id, timestamp, customer_id, voice_session_id, user_request, agent_reasoning_summary, tool_called, guardrail_triggered, requires_confirmation, requires_biometric, result) VALUES ('aud_042','2026-07-01 18:25:00','cust_008','sess_003','Lock my virtual card','Triggering freezeCard on card_001 to secure account.','freezeCard','GR_FORCE_CONFIRM_LOCK',1,0,'Enforced: GR_FORCE_CONFIRM_LOCK checked');
INSERT INTO audit_logs (id, timestamp, customer_id, voice_session_id, user_request, agent_reasoning_summary, tool_called, guardrail_triggered, requires_confirmation, requires_biometric, result) VALUES ('aud_043','2026-07-02 06:04:00','cust_003','sess_001','Explain last card decline','Querying transactions to identify most recent decline reason.','getRecentTransactions',NULL,0,0,'Success: action completed successfully');
INSERT INTO audit_logs (id, timestamp, customer_id, voice_session_id, user_request, agent_reasoning_summary, tool_called, guardrail_triggered, requires_confirmation, requires_biometric, result) VALUES ('aud_044','2026-06-15 21:05:00','cust_007','sess_002','Check account balance','Checking balance info on Everyday checkings and Go Save.','getBalance',NULL,0,0,'Success: action completed successfully');
INSERT INTO audit_logs (id, timestamp, customer_id, voice_session_id, user_request, agent_reasoning_summary, tool_called, guardrail_triggered, requires_confirmation, requires_biometric, result) VALUES ('aud_045','2026-06-21 06:34:00','cust_006','sess_001','Open a savings goal','Initiating internal checking-to-savings transfer to goal.','transferFundsInternal',NULL,1,0,'Success: action completed successfully');
INSERT INTO audit_logs (id, timestamp, customer_id, voice_session_id, user_request, agent_reasoning_summary, tool_called, guardrail_triggered, requires_confirmation, requires_biometric, result) VALUES ('aud_046','2026-06-11 03:10:00','cust_010','sess_003','Transfer money to my savings goal','Updating target savings goal configuration.','transferFundsInternal',NULL,1,0,'Success: action completed successfully');
INSERT INTO audit_logs (id, timestamp, customer_id, voice_session_id, user_request, agent_reasoning_summary, tool_called, guardrail_triggered, requires_confirmation, requires_biometric, result) VALUES ('aud_047','2026-06-18 08:13:00','cust_010','sess_006','Lock my virtual card','Triggering freezeCard on card_001 to secure account.','freezeCard','GR_FORCE_CONFIRM_LOCK',1,0,'Enforced: GR_FORCE_CONFIRM_LOCK checked');
INSERT INTO audit_logs (id, timestamp, customer_id, voice_session_id, user_request, agent_reasoning_summary, tool_called, guardrail_triggered, requires_confirmation, requires_biometric, result) VALUES ('aud_048','2026-07-06 10:35:00','cust_010','sess_005','Check KYC status','Checking KYC document status in kyc_documents table.','getKycStatus',NULL,0,0,'Success: action completed successfully');
INSERT INTO audit_logs (id, timestamp, customer_id, voice_session_id, user_request, agent_reasoning_summary, tool_called, guardrail_triggered, requires_confirmation, requires_biometric, result) VALUES ('aud_049','2026-06-21 09:30:00','cust_002','sess_006','Lock my virtual card','Triggering freezeCard on card_001 to secure account.','freezeCard','GR_FORCE_CONFIRM_LOCK',1,0,'Enforced: GR_FORCE_CONFIRM_LOCK checked');
INSERT INTO audit_logs (id, timestamp, customer_id, voice_session_id, user_request, agent_reasoning_summary, tool_called, guardrail_triggered, requires_confirmation, requires_biometric, result) VALUES ('aud_050','2026-06-29 09:01:00','cust_007','sess_004','Replace card','Flagging stolen physical card and prompting replacement.','replaceCard','GR_REQ_BIOMETRIC_HIGH_RISK',1,1,'Enforced: GR_REQ_BIOMETRIC_HIGH_RISK checked');
INSERT INTO audit_logs (id, timestamp, customer_id, voice_session_id, user_request, agent_reasoning_summary, tool_called, guardrail_triggered, requires_confirmation, requires_biometric, result) VALUES ('aud_051','2026-06-19 12:36:00','cust_009','sess_001','Open a savings goal','Initiating internal checking-to-savings transfer to goal.','transferFundsInternal',NULL,1,0,'Success: action completed successfully');
INSERT INTO audit_logs (id, timestamp, customer_id, voice_session_id, user_request, agent_reasoning_summary, tool_called, guardrail_triggered, requires_confirmation, requires_biometric, result) VALUES ('aud_052','2026-06-30 18:06:00','cust_003','sess_005','Buy gold','Checking KYC and executing buyGold tool with biometric verification.','buyGold','GR_REQ_BIOMETRIC_HIGH_RISK',1,1,'Enforced: GR_REQ_BIOMETRIC_HIGH_RISK checked');
INSERT INTO audit_logs (id, timestamp, customer_id, voice_session_id, user_request, agent_reasoning_summary, tool_called, guardrail_triggered, requires_confirmation, requires_biometric, result) VALUES ('aud_053','2026-06-17 05:30:00','cust_005','sess_001','Transfer money to my savings goal','Updating target savings goal configuration.','transferFundsInternal',NULL,1,0,'Success: action completed successfully');
INSERT INTO audit_logs (id, timestamp, customer_id, voice_session_id, user_request, agent_reasoning_summary, tool_called, guardrail_triggered, requires_confirmation, requires_biometric, result) VALUES ('aud_054','2026-07-01 06:41:00','cust_009','sess_001','How safe is my gold wallet?','Querying FAQ documents for gold security questions.','getFAQAnswers',NULL,0,0,'Success: action completed successfully');
INSERT INTO audit_logs (id, timestamp, customer_id, voice_session_id, user_request, agent_reasoning_summary, tool_called, guardrail_triggered, requires_confirmation, requires_biometric, result) VALUES ('aud_055','2026-06-30 09:38:00','cust_006','sess_002','Enable international shopping','Updating international payment permissions for card.','enableInternationalPayment',NULL,1,0,'Success: action completed successfully');
INSERT INTO audit_logs (id, timestamp, customer_id, voice_session_id, user_request, agent_reasoning_summary, tool_called, guardrail_triggered, requires_confirmation, requires_biometric, result) VALUES ('aud_056','2026-07-01 06:21:00','cust_005','sess_001','How safe is my gold wallet?','Querying FAQ documents for gold security questions.','getFAQAnswers',NULL,0,0,'Success: action completed successfully');
INSERT INTO audit_logs (id, timestamp, customer_id, voice_session_id, user_request, agent_reasoning_summary, tool_called, guardrail_triggered, requires_confirmation, requires_biometric, result) VALUES ('aud_057','2026-06-30 20:34:00','cust_004','sess_004','Lock my virtual card','Triggering freezeCard on card_001 to secure account.','freezeCard','GR_FORCE_CONFIRM_LOCK',1,0,'Enforced: GR_FORCE_CONFIRM_LOCK checked');
INSERT INTO audit_logs (id, timestamp, customer_id, voice_session_id, user_request, agent_reasoning_summary, tool_called, guardrail_triggered, requires_confirmation, requires_biometric, result) VALUES ('aud_058','2026-07-02 20:05:00','cust_008','sess_002','Transfer money to my savings goal','Updating target savings goal configuration.','transferFundsInternal',NULL,1,0,'Success: action completed successfully');
INSERT INTO audit_logs (id, timestamp, customer_id, voice_session_id, user_request, agent_reasoning_summary, tool_called, guardrail_triggered, requires_confirmation, requires_biometric, result) VALUES ('aud_059','2026-06-27 05:03:00','cust_010','sess_001','How safe is my gold wallet?','Querying FAQ documents for gold security questions.','getFAQAnswers',NULL,0,0,'Success: action completed successfully');
INSERT INTO audit_logs (id, timestamp, customer_id, voice_session_id, user_request, agent_reasoning_summary, tool_called, guardrail_triggered, requires_confirmation, requires_biometric, result) VALUES ('aud_060','2026-06-28 20:31:00','cust_003','sess_003','Lock my virtual card','Triggering freezeCard on card_001 to secure account.','freezeCard','GR_FORCE_CONFIRM_LOCK',1,0,'Enforced: GR_FORCE_CONFIRM_LOCK checked');
INSERT INTO audit_logs (id, timestamp, customer_id, voice_session_id, user_request, agent_reasoning_summary, tool_called, guardrail_triggered, requires_confirmation, requires_biometric, result) VALUES ('aud_061','2026-06-12 07:49:00','cust_002','sess_006','Transfer money to my savings goal','Updating target savings goal configuration.','transferFundsInternal',NULL,1,0,'Success: action completed successfully');
INSERT INTO audit_logs (id, timestamp, customer_id, voice_session_id, user_request, agent_reasoning_summary, tool_called, guardrail_triggered, requires_confirmation, requires_biometric, result) VALUES ('aud_062','2026-06-19 08:26:00','cust_005','sess_001','How do I fund my account?','Querying FAQ documents for funding instructions.','getFAQAnswers',NULL,0,0,'Success: action completed successfully');
INSERT INTO audit_logs (id, timestamp, customer_id, voice_session_id, user_request, agent_reasoning_summary, tool_called, guardrail_triggered, requires_confirmation, requires_biometric, result) VALUES ('aud_063','2026-06-26 14:24:00','cust_003','sess_005','Lock my virtual card','Triggering freezeCard on card_001 to secure account.','freezeCard','GR_FORCE_CONFIRM_LOCK',1,0,'Enforced: GR_FORCE_CONFIRM_LOCK checked');
INSERT INTO audit_logs (id, timestamp, customer_id, voice_session_id, user_request, agent_reasoning_summary, tool_called, guardrail_triggered, requires_confirmation, requires_biometric, result) VALUES ('aud_064','2026-06-27 02:08:00','cust_001','sess_006','Check account balance','Checking balance info on Everyday checkings and Go Save.','getBalance',NULL,0,0,'Success: action completed successfully');
INSERT INTO audit_logs (id, timestamp, customer_id, voice_session_id, user_request, agent_reasoning_summary, tool_called, guardrail_triggered, requires_confirmation, requires_biometric, result) VALUES ('aud_065','2026-06-23 23:58:00','cust_006','sess_006','How do I fund my account?','Querying FAQ documents for funding instructions.','getFAQAnswers',NULL,0,0,'Success: action completed successfully');
INSERT INTO audit_logs (id, timestamp, customer_id, voice_session_id, user_request, agent_reasoning_summary, tool_called, guardrail_triggered, requires_confirmation, requires_biometric, result) VALUES ('aud_066','2026-06-29 13:32:00','cust_008','sess_001','Check account balance','Checking balance info on Everyday checkings and Go Save.','getBalance',NULL,0,0,'Success: action completed successfully');
INSERT INTO audit_logs (id, timestamp, customer_id, voice_session_id, user_request, agent_reasoning_summary, tool_called, guardrail_triggered, requires_confirmation, requires_biometric, result) VALUES ('aud_067','2026-06-10 20:57:00','cust_005','sess_004','Replace card','Flagging stolen physical card and prompting replacement.','replaceCard','GR_REQ_BIOMETRIC_HIGH_RISK',1,1,'Enforced: GR_REQ_BIOMETRIC_HIGH_RISK checked');
INSERT INTO audit_logs (id, timestamp, customer_id, voice_session_id, user_request, agent_reasoning_summary, tool_called, guardrail_triggered, requires_confirmation, requires_biometric, result) VALUES ('aud_068','2026-06-21 06:13:00','cust_004','sess_003','Explain last card decline','Querying transactions to identify most recent decline reason.','getRecentTransactions',NULL,0,0,'Success: action completed successfully');
INSERT INTO audit_logs (id, timestamp, customer_id, voice_session_id, user_request, agent_reasoning_summary, tool_called, guardrail_triggered, requires_confirmation, requires_biometric, result) VALUES ('aud_069','2026-06-10 08:07:00','cust_008','sess_003','Enable international shopping','Updating international payment permissions for card.','enableInternationalPayment',NULL,1,0,'Success: action completed successfully');
INSERT INTO audit_logs (id, timestamp, customer_id, voice_session_id, user_request, agent_reasoning_summary, tool_called, guardrail_triggered, requires_confirmation, requires_biometric, result) VALUES ('aud_070','2026-06-30 03:37:00','cust_001','sess_006','Check KYC status','Checking KYC document status in kyc_documents table.','getKycStatus',NULL,0,0,'Success: action completed successfully');
INSERT INTO audit_logs (id, timestamp, customer_id, voice_session_id, user_request, agent_reasoning_summary, tool_called, guardrail_triggered, requires_confirmation, requires_biometric, result) VALUES ('aud_071','2026-07-08 13:16:00','cust_005','sess_002','Enable international shopping','Updating international payment permissions for card.','enableInternationalPayment',NULL,1,0,'Success: action completed successfully');
INSERT INTO audit_logs (id, timestamp, customer_id, voice_session_id, user_request, agent_reasoning_summary, tool_called, guardrail_triggered, requires_confirmation, requires_biometric, result) VALUES ('aud_072','2026-06-17 07:55:00','cust_008','sess_006','How do I fund my account?','Querying FAQ documents for funding instructions.','getFAQAnswers',NULL,0,0,'Success: action completed successfully');
INSERT INTO audit_logs (id, timestamp, customer_id, voice_session_id, user_request, agent_reasoning_summary, tool_called, guardrail_triggered, requires_confirmation, requires_biometric, result) VALUES ('aud_073','2026-06-24 12:00:00','cust_006','sess_006','Buy gold','Checking KYC and executing buyGold tool with biometric verification.','buyGold','GR_REQ_BIOMETRIC_HIGH_RISK',1,1,'Enforced: GR_REQ_BIOMETRIC_HIGH_RISK checked');
INSERT INTO audit_logs (id, timestamp, customer_id, voice_session_id, user_request, agent_reasoning_summary, tool_called, guardrail_triggered, requires_confirmation, requires_biometric, result) VALUES ('aud_074','2026-06-19 22:41:00','cust_005','sess_003','Transfer money to my savings goal','Updating target savings goal configuration.','transferFundsInternal',NULL,1,0,'Success: action completed successfully');
INSERT INTO audit_logs (id, timestamp, customer_id, voice_session_id, user_request, agent_reasoning_summary, tool_called, guardrail_triggered, requires_confirmation, requires_biometric, result) VALUES ('aud_075','2026-06-17 00:32:00','cust_008','sess_005','Open a savings goal','Initiating internal checking-to-savings transfer to goal.','transferFundsInternal',NULL,1,0,'Success: action completed successfully');
INSERT INTO audit_logs (id, timestamp, customer_id, voice_session_id, user_request, agent_reasoning_summary, tool_called, guardrail_triggered, requires_confirmation, requires_biometric, result) VALUES ('aud_076','2026-07-04 12:09:00','cust_004','sess_003','Enable international shopping','Updating international payment permissions for card.','enableInternationalPayment',NULL,1,0,'Success: action completed successfully');
INSERT INTO audit_logs (id, timestamp, customer_id, voice_session_id, user_request, agent_reasoning_summary, tool_called, guardrail_triggered, requires_confirmation, requires_biometric, result) VALUES ('aud_077','2026-06-22 02:34:00','cust_007','sess_003','Lock my virtual card','Triggering freezeCard on card_001 to secure account.','freezeCard','GR_FORCE_CONFIRM_LOCK',1,0,'Enforced: GR_FORCE_CONFIRM_LOCK checked');
INSERT INTO audit_logs (id, timestamp, customer_id, voice_session_id, user_request, agent_reasoning_summary, tool_called, guardrail_triggered, requires_confirmation, requires_biometric, result) VALUES ('aud_078','2026-06-13 11:37:00','cust_004','sess_002','Open a savings goal','Initiating internal checking-to-savings transfer to goal.','transferFundsInternal',NULL,1,0,'Success: action completed successfully');
INSERT INTO audit_logs (id, timestamp, customer_id, voice_session_id, user_request, agent_reasoning_summary, tool_called, guardrail_triggered, requires_confirmation, requires_biometric, result) VALUES ('aud_079','2026-06-13 01:43:00','cust_007','sess_003','How do I fund my account?','Querying FAQ documents for funding instructions.','getFAQAnswers',NULL,0,0,'Success: action completed successfully');
INSERT INTO audit_logs (id, timestamp, customer_id, voice_session_id, user_request, agent_reasoning_summary, tool_called, guardrail_triggered, requires_confirmation, requires_biometric, result) VALUES ('aud_080','2026-07-08 17:08:00','cust_004','sess_001','Check KYC status','Checking KYC document status in kyc_documents table.','getKycStatus',NULL,0,0,'Success: action completed successfully');
INSERT INTO audit_logs (id, timestamp, customer_id, voice_session_id, user_request, agent_reasoning_summary, tool_called, guardrail_triggered, requires_confirmation, requires_biometric, result) VALUES ('aud_081','2026-06-17 15:54:00','cust_002','sess_002','How safe is my gold wallet?','Querying FAQ documents for gold security questions.','getFAQAnswers',NULL,0,0,'Success: action completed successfully');
INSERT INTO audit_logs (id, timestamp, customer_id, voice_session_id, user_request, agent_reasoning_summary, tool_called, guardrail_triggered, requires_confirmation, requires_biometric, result) VALUES ('aud_082','2026-07-04 18:14:00','cust_004','sess_005','Buy gold','Checking KYC and executing buyGold tool with biometric verification.','buyGold','GR_REQ_BIOMETRIC_HIGH_RISK',1,1,'Enforced: GR_REQ_BIOMETRIC_HIGH_RISK checked');
INSERT INTO audit_logs (id, timestamp, customer_id, voice_session_id, user_request, agent_reasoning_summary, tool_called, guardrail_triggered, requires_confirmation, requires_biometric, result) VALUES ('aud_083','2026-06-12 00:53:00','cust_010','sess_003','Explain last card decline','Querying transactions to identify most recent decline reason.','getRecentTransactions',NULL,0,0,'Success: action completed successfully');
INSERT INTO audit_logs (id, timestamp, customer_id, voice_session_id, user_request, agent_reasoning_summary, tool_called, guardrail_triggered, requires_confirmation, requires_biometric, result) VALUES ('aud_084','2026-07-05 13:57:00','cust_002','sess_005','Lock my virtual card','Triggering freezeCard on card_001 to secure account.','freezeCard','GR_FORCE_CONFIRM_LOCK',1,0,'Enforced: GR_FORCE_CONFIRM_LOCK checked');
INSERT INTO audit_logs (id, timestamp, customer_id, voice_session_id, user_request, agent_reasoning_summary, tool_called, guardrail_triggered, requires_confirmation, requires_biometric, result) VALUES ('aud_085','2026-06-23 17:35:00','cust_009','sess_005','Transfer money to my savings goal','Updating target savings goal configuration.','transferFundsInternal',NULL,1,0,'Success: action completed successfully');
INSERT INTO audit_logs (id, timestamp, customer_id, voice_session_id, user_request, agent_reasoning_summary, tool_called, guardrail_triggered, requires_confirmation, requires_biometric, result) VALUES ('aud_086','2026-06-14 05:59:00','cust_008','sess_002','Enable international shopping','Updating international payment permissions for card.','enableInternationalPayment',NULL,1,0,'Success: action completed successfully');
INSERT INTO audit_logs (id, timestamp, customer_id, voice_session_id, user_request, agent_reasoning_summary, tool_called, guardrail_triggered, requires_confirmation, requires_biometric, result) VALUES ('aud_087','2026-06-16 10:15:00','cust_006','sess_001','Check account balance','Checking balance info on Everyday checkings and Go Save.','getBalance',NULL,0,0,'Success: action completed successfully');
INSERT INTO audit_logs (id, timestamp, customer_id, voice_session_id, user_request, agent_reasoning_summary, tool_called, guardrail_triggered, requires_confirmation, requires_biometric, result) VALUES ('aud_088','2026-06-28 07:06:00','cust_006','sess_003','How do I fund my account?','Querying FAQ documents for funding instructions.','getFAQAnswers',NULL,0,0,'Success: action completed successfully');
INSERT INTO audit_logs (id, timestamp, customer_id, voice_session_id, user_request, agent_reasoning_summary, tool_called, guardrail_triggered, requires_confirmation, requires_biometric, result) VALUES ('aud_089','2026-06-12 06:59:00','cust_010','sess_003','Replace card','Flagging stolen physical card and prompting replacement.','replaceCard','GR_REQ_BIOMETRIC_HIGH_RISK',1,1,'Enforced: GR_REQ_BIOMETRIC_HIGH_RISK checked');
INSERT INTO audit_logs (id, timestamp, customer_id, voice_session_id, user_request, agent_reasoning_summary, tool_called, guardrail_triggered, requires_confirmation, requires_biometric, result) VALUES ('aud_090','2026-06-10 23:48:00','cust_009','sess_006','Buy gold','Checking KYC and executing buyGold tool with biometric verification.','buyGold','GR_REQ_BIOMETRIC_HIGH_RISK',1,1,'Enforced: GR_REQ_BIOMETRIC_HIGH_RISK checked');
INSERT INTO audit_logs (id, timestamp, customer_id, voice_session_id, user_request, agent_reasoning_summary, tool_called, guardrail_triggered, requires_confirmation, requires_biometric, result) VALUES ('aud_091','2026-06-12 10:09:00','cust_001','sess_003','Lock my virtual card','Triggering freezeCard on card_001 to secure account.','freezeCard','GR_FORCE_CONFIRM_LOCK',1,0,'Enforced: GR_FORCE_CONFIRM_LOCK checked');
INSERT INTO audit_logs (id, timestamp, customer_id, voice_session_id, user_request, agent_reasoning_summary, tool_called, guardrail_triggered, requires_confirmation, requires_biometric, result) VALUES ('aud_092','2026-07-08 04:38:00','cust_008','sess_006','Open a savings goal','Initiating internal checking-to-savings transfer to goal.','transferFundsInternal',NULL,1,0,'Success: action completed successfully');
INSERT INTO audit_logs (id, timestamp, customer_id, voice_session_id, user_request, agent_reasoning_summary, tool_called, guardrail_triggered, requires_confirmation, requires_biometric, result) VALUES ('aud_093','2026-07-07 23:17:00','cust_010','sess_005','Check KYC status','Checking KYC document status in kyc_documents table.','getKycStatus',NULL,0,0,'Success: action completed successfully');
INSERT INTO audit_logs (id, timestamp, customer_id, voice_session_id, user_request, agent_reasoning_summary, tool_called, guardrail_triggered, requires_confirmation, requires_biometric, result) VALUES ('aud_094','2026-06-10 14:06:00','cust_002','sess_005','What is the savings rate?','Retrieving checking/savings interest rate details.','getInterestRate',NULL,0,0,'Success: action completed successfully');
INSERT INTO audit_logs (id, timestamp, customer_id, voice_session_id, user_request, agent_reasoning_summary, tool_called, guardrail_triggered, requires_confirmation, requires_biometric, result) VALUES ('aud_095','2026-06-16 19:16:00','cust_002','sess_005','What is the savings rate?','Retrieving checking/savings interest rate details.','getInterestRate',NULL,0,0,'Success: action completed successfully');
INSERT INTO audit_logs (id, timestamp, customer_id, voice_session_id, user_request, agent_reasoning_summary, tool_called, guardrail_triggered, requires_confirmation, requires_biometric, result) VALUES ('aud_096','2026-06-18 15:37:00','cust_003','sess_001','Lock my virtual card','Triggering freezeCard on card_001 to secure account.','freezeCard','GR_FORCE_CONFIRM_LOCK',1,0,'Enforced: GR_FORCE_CONFIRM_LOCK checked');
INSERT INTO audit_logs (id, timestamp, customer_id, voice_session_id, user_request, agent_reasoning_summary, tool_called, guardrail_triggered, requires_confirmation, requires_biometric, result) VALUES ('aud_097','2026-06-28 04:43:00','cust_008','sess_004','Check account balance','Checking balance info on Everyday checkings and Go Save.','getBalance',NULL,0,0,'Success: action completed successfully');
INSERT INTO audit_logs (id, timestamp, customer_id, voice_session_id, user_request, agent_reasoning_summary, tool_called, guardrail_triggered, requires_confirmation, requires_biometric, result) VALUES ('aud_098','2026-06-23 05:25:00','cust_010','sess_004','Replace card','Flagging stolen physical card and prompting replacement.','replaceCard','GR_REQ_BIOMETRIC_HIGH_RISK',1,1,'Enforced: GR_REQ_BIOMETRIC_HIGH_RISK checked');
INSERT INTO audit_logs (id, timestamp, customer_id, voice_session_id, user_request, agent_reasoning_summary, tool_called, guardrail_triggered, requires_confirmation, requires_biometric, result) VALUES ('aud_099','2026-07-06 01:35:00','cust_004','sess_003','Check account balance','Checking balance info on Everyday checkings and Go Save.','getBalance',NULL,0,0,'Success: action completed successfully');
INSERT INTO audit_logs (id, timestamp, customer_id, voice_session_id, user_request, agent_reasoning_summary, tool_called, guardrail_triggered, requires_confirmation, requires_biometric, result) VALUES ('aud_100','2026-07-07 02:13:00','cust_007','sess_006','Buy gold','Checking KYC and executing buyGold tool with biometric verification.','buyGold','GR_REQ_BIOMETRIC_HIGH_RISK',1,1,'Enforced: GR_REQ_BIOMETRIC_HIGH_RISK checked');